,Semiconductors_CPUs_GPUs,Big_Tech_Cloud_Platforms,Banking_Capital_Markets,Defense_Aerospace,Biotech_Pharmaceuticals,Medical_Devices_Diagnostics,Green_Energy_Storage,Oil_Gas_Commodities,Agriculture_Fertilizers_Chemicals,Metals_Mining_Critical_Minerals,Industrial_Machinery_Autos,Luxury_Goods_Retail,Real_Estate_REITs,Telecommunications_Connectivity,Fintech_Payments,Entertainment_Gaming_Streaming,Climate_Extreme_Weather_Insurance
NVDA,0.38035687804222107,0.2678065896034241,0.0,0.18789316713809967,0.0,0.15567971765995026,0.1560928374528885,0.0,0.0,0.0,0.21840491890907288,0.0,0.0,0.0,0.0,0.0,0.0
AMD,0.5702986121177673,0.24215418100357056,0.0,0.27054983377456665,0.17075565457344055,0.2542852461338043,0.19884401559829712,0.0,0.0,0.0,0.24311648309230804,0.0,0.0,0.0,0.0,0.0,0.0
ASML,0.3930774927139282,0.0,0.0,0.0,0.0,0.24291814863681793,0.16103164851665497,0.0,0.0,0.0,0.0,0.0,0.0,0.0,0.0,0.0,0.0
TSM,0.45419153571128845,0.0,0.0,0.0,0.0,0.20924532413482666,0.0,0.0,0.0,0.0,0.0,0.163717120885849,0.0,0.0,0.0,0.0,0.0
MSFT,0.19562499225139618,0.3979080319404602,0.0,0.20354683697223663,0.0,0.0,0.17656609416007996,0.0,0.0,0.0,0.0,0.23914334177970886,0.21433117985725403,0.18379123508930206,0.0,0.2224598228931427,0.0
GOOGL,0.2205844521522522,0.4041166603565216,0.0,0.1895316243171692,0.16717159748077393,0.0,0.0,0.0,0.0,0.0,0.1843048483133316,0.15765991806983948,0.0,0.18018876016139984,0.0,0.17667752504348755,0.0
META,0.0,0.19641393423080444,0.0,0.0,0.0,0.0,0.0,0.0,0.0,0.0,0.0,0.0,0.0,0.0,0.0,0.0,0.0
JNJ,0.0,0.0,0.0,0.0,0.39418211579322815,0.4666329622268677,0.0,0.0,0.0,0.0,0.0,0.2592417895793915,0.0,0.0,0.0,0.0,0.0
PFE,0.0,0.0,0.0,0.0,0.5836461782455444,0.30969294905662537,0.0,0.0,0.0,0.0,0.0,0.18418829143047333,0.0,0.0,0.0,0.0,0.0
LLY,0.0,0.0,0.0,0.0,0.578906774520874,0.31154271960258484,0.0,0.0,0.0,0.0,0.0,0.1687164604663849,0.0,0.0,0.0,0.0,0.0
MRK,0.0,0.0,0.0,0.0,0.49557217955589294,0.3533931076526642,0.0,0.0,0.17226088047027588,0.0,0.0,0.2163296490907669,0.0,0.0,0.0,0.0,0.0
ABBV,0.0,0.0,0.0,0.0,0.4921778440475464,0.3520640432834625,0.0,0.0,0.0,0.0,0.0,0.1622130125761032,0.0,0.0,0.0,0.0,0.0
DE,0.16250896453857422,0.0,0.0,0.17910298705101013,0.0,0.15894995629787445,0.1565493941307068,0.22185669839382172,0.35830941796302795,0.0,0.26009994745254517,0.0,0.0,0.0,0.0,0.0,0.0
CAT,0.21858689188957214,0.15921801328659058,0.17020240426063538,0.19479793310165405,0.0,0.1689257174730301,0.17517225444316864,0.25645875930786133,0.24236099421977997,0.20463410019874573,0.2984655499458313,0.1866992861032486,0.18173536658287048,0.0,0.159107968211174,0.0,0.0
AGCO,0.19556252658367157,0.1684814691543579,0.0,0.1668514460325241,0.15253901481628418,0.2278081178665161,0.19662977755069733,0.22089658677577972,0.46771734952926636,0.15281568467617035,0.33300521969795227,0.1884593367576599,0.1757287234067917,0.19046273827552795,0.0,0.0,0.0
CMI,0.2039446383714676,0.0,0.0,0.0,0.0,0.0,0.20928020775318146,0.230820432305336,0.0,0.0,0.35672301054000854,0.0,0.0,0.0,0.0,0.0,0.0
CF,0.0,0.0,0.0,0.0,0.0,0.0,0.22793477773666382,0.29748740792274475,0.3431166708469391,0.16777868568897247,0.19248484075069427,0.1581791490316391,0.17858688533306122,0.0,0.0,0.0,0.15820223093032837
NTR,0.0,0.0,0.0,0.0,0.0,0.0,0.18241192400455475,0.0,0.4058268666267395,0.0,0.0,0.15942248702049255,0.0,0.0,0.0,0.0,0.0
FSLR,0.0,0.0,0.0,0.0,0.0,0.0,0.2651224136352539,0.0,0.0,0.0,0.0,0.0,0.0,0.0,0.0,0.0,0.0
ENPH,0.0,0.0,0.0,0.0,0.0,0.0,0.4241885542869568,0.0,0.0,0.0,0.22694402933120728,0.0,0.0,0.1558241844177246,0.0,0.0,0.0
NEE,0.0,0.15611840784549713,0.0,0.19580653309822083,0.0,0.0,0.39025309681892395,0.254952996969223,0.15297511219978333,0.0,0.24933017790317535,0.0,0.24398435652256012,0.2642701268196106,0.0,0.0,0.2208528071641922
TSLA,0.15932656824588776,0.0,0.0,0.0,0.0,0.0,0.29025113582611084,0.0,0.0,0.17539098858833313,0.3866535425186157,0.0,0.0,0.0,0.0,0.0,0.0
BYDDF,0.2725051939487457,0.0,0.0,0.16524723172187805,0.0,0.0,0.28463318943977356,0.1945606917142868,0.0,0.19589325785636902,0.41343316435813904,0.3023330271244049,0.18177244067192078,0.20086319744586945,0.0,0.0,0.0
JPM,0.0,0.16911661624908447,0.38017550110816956,0.0,0.0,0.0,0.0,0.0,0.0,0.0,0.0,0.24951255321502686,0.16041840612888336,0.0,0.43756774067878723,0.0,0.0
GS,0.0,0.23127219080924988,0.38504910469055176,0.0,0.0,0.0,0.0,0.17820677161216736,0.0,0.0,0.0,0.28437337279319763,0.17051683366298676,0.0,0.372748464345932,0.0,0.0
BAC,0.0,0.1895836442708969,0.44309672713279724,0.0,0.0,0.0,0.0,0.0,0.0,0.0,0.0,0.2640661299228668,0.1955430805683136,0.0,0.4039142429828644,0.0,0.0
HSBC,0.0,0.16044077277183533,0.23613041639328003,0.0,0.0,0.0,0.0,0.0,0.0,0.0,0.0,0.29731935262680054,0.0,0.0,0.25879842042922974,0.0,0.0
LMT,0.20201952755451202,0.19352976977825165,0.0,0.5244293808937073,0.0,0.0,0.0,0.0,0.0,0.0,0.2142961323261261,0.0,0.0,0.0,0.0,0.0,0.0
RTX,0.20414355397224426,0.23114646971225739,0.0,0.41688868403434753,0.0,0.22152197360992432,0.1643088161945343,0.1753292679786682,0.0,0.0,0.2429715096950531,0.2070934772491455,0.16083340346813202,0.15342053771018982,0.0,0.0,0.0
NOC,0.24303148686885834,0.2050706148147583,0.0,0.605136513710022,0.0,0.1845516711473465,0.0,0.0,0.0,0.0,0.22374634444713593,0.0,0.0,0.0,0.0,0.0,0.0
BA,0.19931408762931824,0.2430705726146698,0.0,0.5105065703392029,0.0,0.16908228397369385,0.0,0.17629924416542053,0.0,0.0,0.18837837874889374,0.19885694980621338,0.0,0.0,0.0,0.0,0.0
AVGO,0.3594893515110016,0.23488138616085052,0.0,0.3133651614189148,0.0,0.0,0.17293965816497803,0.0,0.0,0.0,0.19478395581245422,0.0,0.0,0.29810723662376404,0.0,0.0,0.0
INTC,0.46899178624153137,0.2768225073814392,0.0,0.202174574136734,0.0,0.2219061255455017,0.0,0.0,0.0,0.0,0.21197102963924408,0.0,0.0,0.0,0.0,0.0,0.0
QCOM,0.2942849099636078,0.23784847557544708,0.0,0.19645372033119202,0.2182704657316208,0.1740139126777649,0.1969672590494156,0.1663544476032257,0.0,0.0,0.21104811131954193,0.16604550182819366,0.0,0.3538649380207062,0.0,0.0,0.0
AMZN,0.16687890887260437,0.290461927652359,0.0,0.1638481765985489,0.0,0.0,0.0,0.0,0.0,0.0,0.0,0.22747915983200073,0.0,0.0,0.0,0.1901184767484665,0.0
AAPL,0.15120767056941986,0.24067796766757965,0.0,0.0,0.0,0.0,0.0,0.0,0.0,0.0,0.0,0.16825295984745026,0.0,0.0,0.0,0.0,0.0
NFLX,0.0,0.16763003170490265,0.0,0.0,0.0,0.0,0.0,0.0,0.0,0.0,0.0,0.0,0.0,0.0,0.0,0.17955414950847626,0.0
ORCL,0.2714638113975525,0.3359701931476593,0.0,0.22756652534008026,0.0,0.1928652822971344,0.16192327439785004,0.0,0.15006700158119202,0.0,0.15631112456321716,0.1629296988248825,0.15750043094158173,0.15528970956802368,0.0,0.15172551572322845,0.0
GILD,0.0,0.0,0.0,0.0,0.575052797794342,0.33018815517425537,0.0,0.0,0.0,0.0,0.0,0.0,0.0,0.0,0.0,0.0,0.0
REGN,0.0,0.0,0.0,0.0,0.6481007933616638,0.29916030168533325,0.0,0.0,0.0,0.0,0.0,0.0,0.0,0.0,0.0,0.0,0.0
BIIB,0.0,0.0,0.0,0.0,0.6522405743598938,0.27928152680397034,0.0,0.0,0.0,0.0,0.0,0.0,0.0,0.0,0.0,0.0,0.0
VRTX,0.0,0.0,0.0,0.0,0.5365084409713745,0.25347861647605896,0.0,0.0,0.0,0.0,0.0,0.0,0.0,0.0,0.0,0.0,0.0
ISRG,0.16597118973731995,0.0,0.0,0.0,0.2021927386522293,0.583235502243042,0.0,0.0,0.0,0.0,0.0,0.0,0.0,0.0,0.0,0.0,0.0
UNH,0.0,0.21813766658306122,0.0,0.0,0.26671144366264343,0.29902803897857666,0.0,0.0,0.0,0.0,0.0,0.2210315465927124,0.23042631149291992,0.19990569353103638,0.15938879549503326,0.0,0.0
ADM,0.0,0.172533318400383,0.1633448600769043,0.0,0.15988703072071075,0.0,0.0,0.2056065797805786,0.34245407581329346,0.0,0.0,0.2019997537136078,0.0,0.0,0.1559293270111084,0.0,0.0
BG,0.0,0.18077193200588226,0.0,0.0,0.0,0.0,0.155343160033226,0.22798684239387512,0.3774246871471405,0.0,0.0,0.2895572781562805,0.0,0.15520904958248138,0.15925553441047668,0.0,0.0
MOS,0.0,0.0,0.0,0.0,0.15504588186740875,0.0,0.16204781830310822,0.0,0.3568469285964966,0.17533622682094574,0.0,0.16330887377262115,0.0,0.0,0.0,0.0,0.0
SMG,0.0,0.0,0.0,0.0,0.15694692730903625,0.0,0.0,0.0,0.3619977831840515,0.0,0.0,0.17967431247234344,0.0,0.0,0.0,0.0,0.1789403110742569
TITN,0.2106315791606903,0.15337491035461426,0.0,0.21937747299671173,0.0,0.31590476632118225,0.21167494356632233,0.2287333607673645,0.3186296820640564,0.16022922098636627,0.34217193722724915,0.19546930491924286,0.20440778136253357,0.0,0.0,0.0,0.0
RUN,0.0,0.21406500041484833,0.0,0.0,0.0,0.0,0.34629690647125244,0.0,0.0,0.0,0.18291231989860535,0.0,0.1805126965045929,0.18881197273731232,0.0,0.0,0.0
SEDG,0.16583484411239624,0.1575286090373993,0.0,0.1889365017414093,0.0,0.0,0.4325220286846161,0.0,0.0,0.19796887040138245,0.27203240990638733,0.0,0.0,0.16378739476203918,0.0,0.0,0.0
BE,0.15674199163913727,0.0,0.0,0.0,0.0,0.0,0.32549890875816345,0.0,0.0,0.17049746215343475,0.21333825588226318,0.0,0.0,0.0,0.0,0.0,0.0
PLUG,0.0,0.0,0.0,0.0,0.0,0.1559886783361435,0.42919132113456726,0.1910831183195114,0.0,0.18932956457138062,0.37505465745925903,0.0,0.0,0.0,0.0,0.0,0.0
NIO,0.22058619558811188,0.0,0.0,0.0,0.0,0.0,0.34764474630355835,0.0,0.0,0.0,0.4374375641345978,0.2086835652589798,0.1921248883008957,0.0,0.18816711008548737,0.0,0.0
C,0.0,0.2586752474308014,0.44607093930244446,0.0,0.0,0.0,0.0,0.19230185449123383,0.0,0.0,0.0,0.2934996485710144,0.24337433278560638,0.0,0.39324629306793213,0.16547822952270508,0.0
WFC,0.0,0.0,0.2419085055589676,0.0,0.0,0.0,0.0,0.1646319180727005,0.0,0.0,0.0,0.16734649240970612,0.0,0.0,0.3196643888950348,0.0,0.0
UBS,0.0,0.16848719120025635,0.29190316796302795,0.0,0.0,0.0,0.0,0.0,0.0,0.0,0.0,0.22708825767040253,0.0,0.0,0.28704017400741577,0.0,0.0
DB,0.0,0.19758832454681396,0.3528813123703003,0.0,0.0,0.0,0.0,0.0,0.0,0.0,0.1603010594844818,0.20504212379455566,0.16188840568065643,0.0,0.39401888847351074,0.0,0.0
SCHW,0.0,0.21970586478710175,0.3876586854457855,0.0,0.0,0.0,0.0,0.19846777617931366,0.1533811092376709,0.0,0.15608710050582886,0.2957126796245575,0.0,0.0,0.3179672956466675,0.0,0.0
BLK,0.0,0.23201964795589447,0.3778626322746277,0.0,0.0,0.0,0.0,0.20288076996803284,0.15976989269256592,0.23368242383003235,0.0,0.2448490560054779,0.22952423989772797,0.0,0.288907915353775,0.1953703761100769,0.0
GD,0.2514774799346924,0.3086739480495453,0.0,0.598522424697876,0.0,0.25880545377731323,0.21160399913787842,0.24292239546775818,0.0,0.0,0.2846861183643341,0.22167754173278809,0.1770833283662796,0.16133259236812592,0.0,0.0,0.0
LHX,0.20781008899211884,0.19853521883487701,0.0,0.40820538997650146,0.0,0.20601578056812286,0.20006926357746124,0.0,0.0,0.0,0.2515108287334442,0.15616638958454132,0.0,0.24510754644870758,0.0,0.0,0.0
HII,0.27798253297805786,0.1628650277853012,0.0,0.4099907875061035,0.0,0.19995543360710144,0.29341164231300354,0.21360920369625092,0.0,0.17289941012859344,0.260222852230072,0.17057067155838013,0.1619672179222107,0.0,0.0,0.0,0.0
TXT,0.18774619698524475,0.19660498201847076,0.0,0.2998303174972534,0.0,0.26137903332710266,0.20904095470905304,0.16503755748271942,0.0,0.0,0.2510536015033722,0.1574813425540924,0.0,0.18238334357738495,0.0,0.0,0.0
AVAV,0.20092874765396118,0.22104747593402863,0.0,0.5938163995742798,0.0,0.2532029151916504,0.0,0.0,0.0,0.0,0.21020838618278503,0.0,0.0,0.0,0.0,0.0,0.0
