Trading_Date,Agriculture_Fertilizers_Chemicals,Banking_Capital_Markets,Big_Tech_Cloud_Platforms,Biotech_Pharmaceuticals,Climate_Extreme_Weather_Insurance,Defense_Aerospace,Entertainment_Gaming_Streaming,Fintech_Payments,Green_Energy_Storage,Industrial_Machinery_Autos,Luxury_Goods_Retail,Medical_Devices_Diagnostics,Metals_Mining_Critical_Minerals,Oil_Gas_Commodities,Real_Estate_REITs,Semiconductors_CPUs_GPUs,Telecommunications_Connectivity
2018-01-01 00:00:00-05:00,-3.017480604362508,-1.4042468867381652,1.5827359037261184,0.5791055578613158,-7.592461351842202,-4.421787355747934,0.3177938436028776,-2.1881840342560652,-1.0551561081707466,-1.600677853515172,-2.3804948601861793,-0.07824603782852789,-2.870943184800007,-5.016763601306205,-1.5674629151803687,-0.7257665684877934,-0.6747093595808866
2018-01-02 00:00:00-05:00,0.5941891197815105,2.0177455728634963,8.258516192585326,5.725419067485023,-6.399957291325871,-1.6796727319565958,5.283203313500697,1.125899703229954,2.583210513641536,3.826987598936393,4.362276035414125,3.9435311665674138,1.83625320995435,0.5731296708157653,3.28367968858931,5.188185434734419,3.1528571840442408
2018-01-03 00:00:00-05:00,2.5525235274449978,3.6916246466247773,14.337583109271419,10.575557533107391,-6.980011975592217,0.6517717868685732,8.898669701477449,1.429482279776149,6.401659415640235,8.822222302594106,9.050843407119546,7.603274452208236,5.092938890882314,3.319567953644477,6.995360665118415,8.977437810300358,6.2001803226041
2018-01-04 00:00:00-05:00,3.814214148972766,3.2113817552487,17.52623965207652,13.221961084738307,-9.305710984572293,1.8968059044645258,10.694126133714283,0.7974774437478434,8.369887023068252,12.425365715238783,10.70312437535873,9.691118200152232,6.297635433108803,4.697243308967665,9.953335175163172,11.279509777921346,8.492964191392549
2018-01-05 00:00:00-05:00,3.006754762955895,2.0810298677156402,17.56460835248846,11.76716206744238,-10.679541810611276,0.07770644068790182,10.642377622552374,-1.0743035191378123,6.497867730261423,11.097890017390538,9.454854547933797,9.543107677304427,4.2816469287100585,2.5249862915126227,9.647071838377123,9.644565536474238,8.070289478408446
2018-01-08 00:00:00-05:00,-2.823398009538353,0.8478356101722095,19.043873436576042,11.754550584324743,-21.200928861878108,-4.165268522804433,9.914601357498537,-4.213989547999434,3.412475151200278,8.133647519357272,3.4314230233392267,8.626352885649522,-1.9076020849010262,-8.525805902932252,6.41681685661771,7.340665771029801,7.344744504146362
2018-01-09 00:00:00-05:00,0.03354868845798555,2.687864993704296,23.497735128785724,16.018639725007038,-17.76239616154168,0.47510313687309896,12.297782180129063,-1.7766496233220164,7.3229432643481145,12.510664287801339,6.946096171213472,13.180084610067922,-0.9649562998160324,-5.215313980399584,8.923047123255486,11.391198830272556,10.67126149290974
2018-01-10 00:00:00-05:00,0.6962950862007251,2.7930035642276705,25.644687158378996,15.457371750515655,-17.72964306456448,1.1776437741052683,13.58228283527299,-1.1739787710910548,9.13493555071118,13.268643913318657,7.0377402636013615,14.29979771305343,-2.009265753232503,-5.034505620925582,11.681140285316753,12.123076301415887,12.69694203324582
2018-01-11 00:00:00-05:00,-0.002427491761001342,0.8973398492463112,25.654408043005038,13.834435819157665,-19.740303566715244,1.8570452460239475,13.175000469241224,-3.7155978060491903,8.597721078395358,12.08002815118326,5.957585015239098,13.317613564690651,-4.429290834806206,-6.284669426647866,12.039038842147585,11.537001994359612,13.1061667585059
2018-01-12 00:00:00-05:00,-3.353362602707645,-0.28259737287980613,22.486070061084288,11.190209535045428,-21.164814212200007,-0.023482973462127833,10.788827422987824,-7.020608186300693,5.092424944096297,7.992037149512606,1.577232143369654,10.850444118942335,-7.287863202209654,-8.465150318553844,8.84535450624983,7.461405243020006,10.18947289109784
2018-01-15 00:00:00-05:00,-7.544182222528694,-4.219861417877687,19.03190813717868,6.8655261842053905,-29.66167593229375,-8.697728057290526,6.947127122846106,-12.279070381658435,1.5156677963772642,4.535676209580417,-6.504193408523515,6.7679534413314295,-11.876567978682411,-15.67443462281164,5.221281495886157,3.786849619314335,8.004904046303777
2018-01-16 00:00:00-05:00,-4.825639791374165,-3.6041385401942443,20.430632383717615,8.994937198517126,-25.63543743441491,-6.132416957283781,7.9819014978026495,-11.504946425656822,4.5643246531632755,6.941636316507515,-3.7504772225861087,8.167258447204137,-9.114156233919607,-12.198080782873928,6.464050269687963,6.331325725957257,10.153089098368115
2018-01-17 00:00:00-05:00,-4.324561215737793,-6.284171663443485,19.563295110561775,8.247824363485272,-24.769026463367666,-4.5861560942206046,7.228305135241014,-14.191512825191912,5.193844730667935,8.18217137342954,-4.689674447567144,8.729430531692888,-10.925186831733473,-12.46480107663654,5.659910763992387,6.498130737961001,9.749421019361215
2018-01-18 00:00:00-05:00,-2.2284472810375187,-2.2201143612001935,22.455870057224388,10.634096907600377,-21.439695767184585,-2.4740780920895187,9.466956692779991,-10.820244872232735,7.176166498247926,9.727774903057734,-0.18979295201521204,10.461386585172137,-7.298263290965072,-9.447124776364747,8.922446578739958,9.852378707439497,12.254123145465591
2018-01-19 00:00:00-05:00,-2.426120480832787,-1.1697088046011792,23.622500866779067,12.303444421097634,-21.630413716210494,-3.5344330243371997,10.62051618452989,-9.48503243411342,6.802504612439227,9.008446658328216,2.6049204452900265,10.501234855617449,-5.951175792610223,-10.661344855095567,8.294570369948746,9.509022014252443,11.897887182834827
2018-01-22 00:00:00-05:00,-11.578242641366119,-5.181756772225545,20.83996644351463,8.830421022736592,-34.16321462719305,-15.37564574530904,7.883358620681822,-17.24207564668261,0.8483739499511703,1.1584457386725342,-5.382948743303007,3.7804091264186037,-14.481630076449271,-24.729232480374915,0.22300294449109279,2.5328076993408435,7.546432100017999
2018-01-23 00:00:00-05:00,-6.043797519012167,0.07052581353892463,26.68515162246874,13.67079429846367,-28.36010554848539,-8.60489082380416,12.975421359855863,-10.369200371653093,2.8875045452313786,5.113306471692335,2.0573750923895715,7.412477361558789,-8.43909032515612,-16.225913709152607,6.287998269779707,7.7699320221880654,12.195579350970283
2018-01-24 00:00:00-05:00,-2.130156766976716,1.6242286877947394,28.201046296587,14.965486308569242,-22.630231014760955,-3.8395815254564862,15.062379882555435,-6.624019892063393,6.183651621039567,7.979554369899241,5.7789310496802555,9.744527630064098,-4.655171741418781,-10.439597399190195,9.458870295364912,9.951981760398297,14.149926165057332
2018-01-25 00:00:00-05:00,-2.1575134333212542,0.7081074571903356,26.23365909229515,13.41913950122524,-21.387460665563694,-2.6408444911803794,13.628680185191753,-7.904140972266317,5.817372986822412,8.019475297057895,4.583409428720043,10.131852236435646,-5.538678342758653,-8.516369007537287,9.090510967652047,9.567295070793909,13.48260342791541
2018-01-26 00:00:00-05:00,1.528774382724662,2.299313921965966,27.82161642746801,15.40578939053088,-17.48219372204811,-0.09953359817131892,15.315011224105685,-4.204647934500776,7.7144795872602,10.266937128696418,9.656156339569625,12.111067461812993,-1.5772218037433772,-4.2852415637737336,11.73546809397537,12.651344603420924,15.059607309556753
2018-01-29 00:00:00-05:00,-1.4501966475244177,-0.7474008387086668,26.68581293672636,13.811388468368598,-21.88395258043246,-2.6376205947927995,13.267411247633243,-8.411354213789231,6.70741189278018,9.217615295300611,4.947483427385249,10.62369743109344,-5.776927289307101,-7.364465073621776,9.895693818135813,11.451798219274561,15.40144315612578
2018-01-30 00:00:00-05:00,-2.231578227519152,-0.7208068374809103,26.741866422460262,11.874492654792045,-20.98687323484111,-3.1636408364971276,13.23860924601999,-8.085485257384956,6.843254008925989,8.736666921135237,4.84973300301021,11.491659751639625,-8.18594747120819,-8.926746485191888,9.857946720841912,10.505122563815107,14.563005236327577
2018-01-31 00:00:00-05:00,-0.4489972607867862,-0.49061207406305696,27.320175404253412,13.886894198232731,-18.565052471875937,-0.9143594647023883,13.67543239912327,-6.6272415909016,7.551537453353435,10.014565033062949,4.629757020568407,13.077954164817541,-7.16868270274273,-6.393855994778497,10.755676643812212,11.232550699273181,15.151417610743579
2018-02-01 00:00:00-05:00,4.916007360836168,3.080737119617757,32.346469247261766,18.1180901699437,-15.05810886179847,2.4747217743693892,18.820709107932505,-1.646635420859789,10.5990265406877,14.97337839090974,11.805710471078081,17.023206807846968,-2.2732892057025547,0.1940228615851858,15.254039376301138,14.38096040539256,17.403977527335414
2018-02-02 00:00:00-05:00,3.1204781065098293,1.0907784645172507,29.765849846572397,16.005205166196575,-15.421953409319967,0.6944632001489961,16.766959778150973,-4.113797757654445,10.301134241451829,13.455007023265798,8.865487547358029,16.016378247364347,-3.8256641801138347,-0.8444937417439872,14.13189760685595,12.412029443071985,16.547056501496034
2018-02-05 00:00:00-05:00,-6.107052845856223,-6.501570335353219,23.5442901234552,8.541160783741125,-24.904961721635495,-8.6086419106497,10.399965390876368,-14.018192594071502,3.7725304962660946,6.8114620740552185,-2.134189382761212,9.518201283356582,-13.988976354142872,-13.872952376961477,7.700963753717896,5.691230575064838,11.612742070544218
2018-02-06 00:00:00-05:00,-5.498577250444023,-7.441049436224708,23.000251755113453,9.465354552309506,-23.296699140528247,-4.13377008054522,9.234048566532874,-13.148510220830147,7.033617426480034,9.754985842323881,-4.232389388331261,11.036088132705416,-14.655373356537355,-12.434155909126392,8.055531949587035,6.092709261887985,13.32273605994045
2018-02-07 00:00:00-05:00,0.08828282739293933,-2.9955999920586907,27.751981524369782,13.656173110331206,-19.536835306130865,3.5106153521682075,12.864642634956137,-8.776410701758385,10.334935767731642,15.31946668336782,2.7470252636290993,15.772134999482661,-8.415012803862016,-5.135452491496566,12.652593991930392,11.79844663587721,16.22308003991442
2018-02-08 00:00:00-05:00,1.7744926068846405,-1.5414310179116197,28.89622825854359,14.675497176318654,-16.76178505161479,4.994338058471182,14.884940834435406,-7.2371319223273884,11.263677663684367,15.52685386384122,4.867216790657812,16.424892483328158,-6.515572546137702,-1.6450889746364472,14.048945011202553,12.541705564877676,17.308876549082875
2018-02-09 00:00:00-05:00,-2.4352421388379764,-5.606229260551312,23.762731085334657,10.283682755005156,-19.54527394682914,1.257339116847873,11.706259874505065,-10.111031538307007,8.514735881359169,11.38859769161084,-0.11321885654250854,12.081614989511316,-8.556372454476431,-6.63845402387215,9.962237708177094,7.604005485569476,14.370844601161073
2018-02-12 00:00:00-05:00,-5.480953946145735,-5.811285446611193,23.52726244018867,8.117322249158182,-25.441517812985037,-6.8290128632538405,11.214099426132062,-12.250249287561951,5.745588499077775,8.557126155630577,-4.378378427028026,8.535211852667889,-10.898535316023697,-11.599556491488622,8.319701185289476,5.562701526792727,14.363290906985679
2018-02-13 00:00:00-05:00,-7.449842986215846,-5.749347370209804,20.74544937155556,6.3396457694246156,-25.328315845500008,-8.43552292522206,9.423091787481027,-12.388661688740461,2.709743974727303,5.226896855254585,-4.993648329743296,6.531168941299966,-12.221501667040924,-12.709005488484742,6.357769296347784,3.81013907340204,11.497575102410888
2018-02-14 00:00:00-05:00,-2.9085986677352205,-2.003902703670782,25.25721751217922,11.227465709482585,-20.83825174277328,-4.053397099568809,12.798493000636027,-7.912696524318566,8.385545350399735,9.911463063983613,0.6909812644357848,10.312711099995129,-6.002202283630036,-5.026238274373775,11.378061485906168,8.626772601822946,14.826443493697507
2018-02-15 00:00:00-05:00,-1.4030842460707695,-0.7012346528910565,25.576172524747292,12.840772992676477,-18.467201060725973,-3.11834519071414,13.708654376646027,-6.889804947118854,9.23282792292676,11.528047539094402,3.316366960452072,11.447219841766561,-3.9090943031418397,-1.7047630086079555,11.938105826670414,10.08749434256641,14.374711764430666
2018-02-16 00:00:00-05:00,-2.6682778338186495,-1.866314589112784,20.882709468795532,10.721524815888433,-17.969244708286297,-4.8851616662606245,10.746963955912296,-8.645893170040004,6.391652716322591,8.754132762993969,1.6074867731768259,9.22723064474788,-4.861959735693429,-3.5185994439738906,9.256350891935266,7.582392453359601,11.098724230315359
2018-02-19 00:00:00-05:00,-11.257948631530148,-7.878914003052252,14.671682054291246,4.763584589209867,-26.54810695944508,-14.646144119488705,6.5281875470669695,-18.764003582317116,0.06580020545033807,0.7347521888523137,-6.369206009324078,1.807750159426538,-13.420086367168885,-12.324895041069945,2.819037691102213,1.2530989764136464,6.712800103279364
2018-02-20 00:00:00-05:00,-8.23588777033951,-7.497024917029718,16.819183349324142,7.730992571728747,-22.797973459283767,-9.854268393607343,7.325948751392676,-16.310110330719354,4.388668482633753,4.75331221755514,-4.3691131567346115,5.039148407063936,-10.852893491605181,-8.56210573878512,4.6666963857598205,4.571210901506108,8.819796052046481
2018-02-21 00:00:00-05:00,-5.755608630134166,-5.090218617445094,17.876374889249515,8.955484032308398,-20.670396519222518,-6.677084047263389,8.262453540933647,-13.670888749781932,5.600797937092635,6.813113303003229,-1.9710219077247442,6.4496834191321835,-8.72108823619945,-6.633128794859831,5.88724845414291,6.547670792164879,10.204620720270754
2018-02-22 00:00:00-05:00,-5.9104532223133734,-4.212985251744975,20.266555270217687,8.184505839715655,-20.243017180125605,-4.926624840294986,9.690144564836999,-13.239965478217382,5.727854733452561,6.653012393215236,-0.9103360197651182,7.15941679437247,-8.603293478607903,-7.5694838786796135,6.631209898916436,7.158202974681453,11.544210432404743
2018-02-23 00:00:00-05:00,-7.314866572262942,-5.488956324546751,18.69699730540282,4.813765370793691,-22.32416441552339,-6.622418004470316,8.088002793942296,-14.7785085299962,3.8384739293989365,4.82810839368998,-3.8624974894842157,5.653929227754945,-10.150472114565117,-10.379616984293751,5.098368083225117,5.783754355094907,10.807815882120643
2018-02-26 00:00:00-05:00,-11.486217011216763,-8.717796120485147,21.394889919427687,5.249638626406903,-30.548064734130417,-12.074040862564939,8.037669087009,-17.96281829960621,3.0794545463388037,4.9110649224248135,-6.634199841019408,6.417410515994395,-15.946622321631507,-17.307146925134607,3.5775039081975595,6.535751119703448,14.467380045069604
2018-02-27 00:00:00-05:00,-9.53255910773797,-6.4037791884731865,22.519727865608257,5.207739078833383,-27.713787443843245,-9.597385190999804,9.026001976863238,-15.265912080656808,2.3215362765521066,4.963611210837945,-3.5080840264664386,7.640403455241219,-13.7861405317327,-16.336874652640873,5.170811134529579,8.361207196630803,13.780677544459177
2018-02-28 00:00:00-05:00,-9.053416595477326,-5.8243502578198685,23.633636395158067,6.9312803288980325,-26.557247545680525,-7.0228656282005675,10.925501222894662,-12.551707005818606,3.069922562692417,5.776778802247477,-2.5661998889884683,8.997670415053543,-13.368404419602435,-15.560139361828458,5.975115392397652,7.873315009633867,14.64337325591985
2018-03-01 00:00:00-05:00,-8.264329679862293,-4.825886128104243,24.116456921936578,8.706518994284213,-24.413443150494945,-4.108744225753278,11.346321777605116,-11.505405739100391,3.9729741018552893,5.798580996568014,-1.7832958580168496,10.896686662174925,-13.177571541962404,-14.85044555552222,6.783802241478379,8.1878219528951,14.95234250445389
2018-03-02 00:00:00-05:00,-16.029075625848783,-9.63685144697572,15.337962853512717,2.089605677318564,-30.183217770092096,-11.669472076848267,5.388003322233931,-16.81828286797217,-2.6945898879567927,-3.4405363662043387,-12.780790388162288,4.179424190088427,-22.469679980695904,-22.33418669743696,0.22705812528547023,-1.1688081455557597,9.48450176768043
2018-03-05 00:00:00-05:00,-21.022378412448944,-11.88618127875657,16.94403938514942,0.6059253652030966,-37.61034075405853,-14.356954128698263,5.391287049693544,-21.515206686376743,-5.332613577544325,-5.056715026471533,-17.306303822269324,3.1296298054762524,-27.12734017931408,-26.53439443187755,0.12193676664015171,-2.924021743892862,9.848371101294767
2018-03-06 00:00:00-05:00,-17.09384588348872,-9.755787913292583,17.63522787645546,1.6498371889459755,-32.101690081676914,-12.134711550247474,5.79421972541272,-18.70052269315116,-2.846811208930369,-1.7309512894107868,-13.970554227875999,3.760345948112098,-23.031417518770315,-21.101627534673423,1.9705927097615183,0.7482583239108832,10.321554974183636
2018-03-07 00:00:00-05:00,-17.57678531401373,-12.829235355495435,16.833306249424453,3.916363916028653,-32.21233438120411,-13.030668521850037,5.85512318768023,-20.369131212585017,-2.530977345631611,-1.99985876944543,-17.19002909865958,7.270821361723014,-27.19797345813254,-23.32298881830893,1.3640612809627415,-2.8973754228468462,12.044412749454045
2018-03-08 00:00:00-05:00,-14.079887450382635,-9.904178472321842,17.418833731158657,5.109919648532692,-28.191684461193475,-10.130898484097369,6.894378725499419,-17.478517825894755,0.24139870013911838,0.8547898984791481,-11.910592157892758,6.9208017602563086,-22.41511741157281,-19.557618171000673,2.9180894673024413,-0.6919135485688631,12.244701141992373
2018-03-09 00:00:00-05:00,-12.449387282961592,-8.094179479538916,16.193402406726467,5.6716305899227,-25.0225659570911,-9.22104423913447,6.074897995960963,-14.937392861246858,0.8150191699756059,2.3357199238850406,-10.222044798087525,6.276082106395789,-18.68016794871453,-14.901395084692213,3.6234542878858056,0.46850208265722054,10.794077232790029
2018-03-12 00:00:00-04:00,-16.118412652830802,-7.926275676244393,16.943195927897545,4.152835269280121,-31.935037314261926,-14.526047740247318,6.02263442294405,-16.526440055599178,-0.8241925242473354,1.593595549460369,-12.541963340473782,3.7697219976254663,-20.42889301931777,-17.828020349160415,2.490482627670456,-1.471720109088897,9.367438985439712
2018-03-13 00:00:00-04:00,-13.95836996662652,-6.223417389631049,17.54655725656951,2.4917287673325252,-28.50382950167103,-14.466480718317257,7.338703523218775,-13.451681192605067,0.058307458774720156,3.1296396002263767,-9.596325655572004,3.756207946873066,-18.07428575493959,-17.57216257655773,5.050318727995306,-0.68737013329094,9.809211118594906
2018-03-14 00:00:00-04:00,-13.196709272361604,-7.179072029133438,18.196996368002967,1.6658739899245636,-27.338683073374174,-15.538629432459173,8.10945413318741,-13.210884899469285,1.2658660319969917,3.3717709012119013,-10.211896626276882,4.391243695813395,-19.16003652924813,-18.373898212948202,5.575890083178305,-1.7456346225672779,11.029733087166624
2018-03-15 00:00:00-04:00,-15.633130275649455,-11.084683650349941,16.158808068752933,0.17166251557455742,-29.28940220801244,-19.38355757100649,5.945399517928202,-17.031723301843563,0.24522126227723096,2.2357331238261855,-14.819909544469999,2.7473694820838817,-22.913787673477678,-19.97709723850475,3.206167159367573,-3.496422358299092,9.419076768719135
2018-03-16 00:00:00-04:00,-17.631589870555576,-12.056110245508693,13.357215775468404,-1.6493892877573917,-30.682405696180204,-22.65296902832111,4.151044774076722,-19.033891588161886,-1.8926765917861716,-1.392683953146989,-16.781449470939958,-0.14684565146777295,-24.446700602358693,-22.00358539744617,1.2262281685515266,-6.210147229341866,7.242254119175248
2018-03-19 00:00:00-04:00,-26.150242802128787,-18.474049843732303,9.809089721044344,-8.07864092887925,-40.43589739905193,-30.07106338706666,0.8995406916243383,-27.544709071434337,-7.140016596425388,-7.375160649900709,-25.804630638198205,-7.2557888097742005,-34.78847027070013,-33.72246163439426,-3.0225716884906655,-11.72334669693712,4.499780319442376
2018-03-20 00:00:00-04:00,-20.513908233466665,-15.20722576425469,11.223034065153671,-4.466559037975175,-34.349900744345774,-20.541656706668604,2.635131919799701,-24.099043016146066,-2.4382677051733284,-3.3037051518970437,-19.638869455817048,-2.671260897967975,-28.058613040972865,-26.614669936517572,0.12903920863685414,-5.561847379367459,6.121197335782635
2018-03-21 00:00:00-04:00,-16.7601607890625,-12.47544320348881,10.74987491622116,-3.359036028189158,-30.39020888582443,-16.91590667277093,3.088340099841196,-20.616444654634954,-1.3323713691394066,-1.7629570745991072,-15.244481050795972,-1.4055211558834193,-22.651415601104375,-21.69953091538771,1.804438661631584,-2.5803673129661506,6.287238744493843
2018-03-22 00:00:00-04:00,-18.085917296376284,-11.586376835731743,11.591315155654048,-2.379664124450465,-29.522122115741517,-17.548386128118285,3.481639609608345,-19.289061124823814,0.12638825846568752,0.2692820087344057,-14.359974884011617,0.2498875928091732,-22.203403125844453,-21.388679244135208,2.4088519367486048,-1.8945917477853433,6.960863113180435
2018-03-23 00:00:00-04:00,-24.00075994814344,-13.226099888446118,8.347743793640113,-5.7718016191953145,-32.55094727897303,-24.054367997396856,1.5445930660678742,-20.707424869478494,-3.0123718661407173,-3.815319441651467,-19.529282090758013,-1.88311831115618,-28.544128153433768,-25.345017251987546,0.4010769104292651,-9.05918068072733,5.633902586985365
2018-03-26 00:00:00-04:00,-28.69550692995477,-14.888578234672618,7.206986587045382,-9.01627792567754,-38.36890640119071,-31.294074090309476,0.4391745611259399,-25.241568698154666,-6.588617808943292,-6.4589021121902395,-23.499449390261674,-4.291992584120239,-34.321559145828736,-31.586812695831654,-3.659489723665232,-12.713062268221911,3.2242578407622617
2018-03-27 00:00:00-04:00,-20.529411379250305,-10.825906739688813,9.526409362369423,-5.19082421822919,-31.721873799374105,-23.930501926042517,2.5668334768009005,-20.710758162935317,-3.3240154726048523,-1.9709536424019103,-15.200717601141031,-0.6029080688519145,-26.835294320507646,-24.473370677343954,-0.8590939430458143,-4.777520841734526,5.251991567557425
2018-03-28 00:00:00-04:00,-16.627970689309304,-10.441621490494699,11.296386431941048,-1.9699975153350875,-28.0287770043172,-16.793175351269255,3.2489800163508953,-18.465800348822786,0.6973204161359136,1.3673729919857411,-12.493089126375429,2.299104927913114,-24.073658804046584,-21.827632742258203,1.1813201487688183,-0.9355151925270431,6.698937453681517
2018-03-29 00:00:00-04:00,-14.732906022357781,-11.8548723175232,10.090439460003712,-2.0817246561281086,-26.485131163925814,-13.510431537474329,1.9963699679362352,-18.705524869884986,0.5848848554307402,0.22515260222428352,-13.258226345216334,1.0031300173102995,-20.44066570944891,-20.788573547724404,0.8603900330732874,-1.2891686086320917,5.968848487472408
2018-03-30 00:00:00-04:00,-15.470527468253126,-10.009973342759032,7.002374278364399,-4.94914873663977,-25.223704288208214,-17.480485386037582,1.0942998117754732,-17.298255165099633,-1.9514586336536381,-2.645289979870659,-13.964437371225126,-2.502995710545602,-20.483846562241027,-20.737133784864834,-2.142793655789918,-3.7421314118610174,3.015781116123086
2018-04-02 00:00:00-04:00,-22.394807258282643,-11.467628093427022,3.984236332766358,-8.491786082613379,-32.48926253402077,-27.35421741885291,-2.7059072089249625,-20.90919948569145,-6.134201512038552,-7.705974578687027,-21.727903832430112,-6.691975379874365,-28.059954315123044,-27.752187688485456,-7.350644258553742,-9.361831168549678,-0.4635414324223619
2018-04-03 00:00:00-04:00,-17.553525830926496,-8.373659301260298,9.118622824327746,-3.1667675927425925,-28.122492167145527,-20.028552777511774,0.9233396273004435,-16.358560850753612,-1.9412863308917438,-4.246993303736991,-16.133859610701254,-1.6796132296325132,-22.153527134422202,-21.902293454304658,-2.9377490369616432,-6.452189873642193,3.3554094641457817
2018-04-04 00:00:00-04:00,-18.023088613904942,-7.978729350009375,9.65636445234095,-3.2536681995064662,-26.531029435880853,-19.16548311118195,0.9297726203331503,-15.223146250341888,-1.3892605628327699,-4.231789114348156,-17.5772930039812,-0.037610647277074,-23.00180553565784,-22.49141621698191,-0.9360456079734032,-7.596279072359327,4.4119417916987365
2018-04-05 00:00:00-04:00,-13.107452497104413,-5.968650728316167,11.18255751604179,-0.4322033539738883,-22.754503619250674,-14.314575662266039,2.3987991617714974,-14.51504823318973,1.9522644568180496,-1.4057599724821481,-13.59189625710767,1.967749297817269,-17.81113759081111,-15.946469858558357,1.667174389424083,-3.4765702009928607,5.814869491140558
2018-04-06 00:00:00-04:00,-15.685202442472175,-7.2557491624943,10.004537580728115,-3.3298109877937163,-24.25475473315831,-16.662940353576246,1.1848319112583452,-16.288283960821207,-0.8580850631772696,-3.7137156317349946,-15.785345735987027,0.7739717975545148,-20.722139887918978,-20.567932756241394,1.4635556774806855,-5.025129942361827,5.716355445575037
2018-04-09 00:00:00-04:00,-23.65660644859248,-9.745477669311551,10.344399856641344,-5.341256960116563,-33.15546827957292,-25.057405737227146,0.01588591122220251,-22.20233095256381,-2.35582364990783,-6.691293715302149,-20.299689624980324,-0.20539133772820584,-26.87429278724162,-32.10747237433836,-1.5918188893464051,-5.410886765232293,6.315059760925279
2018-04-10 00:00:00-04:00,-18.064515250674397,-6.200933701056786,14.674231096496095,0.07878887591768396,-28.124329212312425,-20.420670758660748,4.286918820189431,-16.76943878415671,2.938321323269671,0.8197935689429163,-10.737429538471321,4.037221669324114,-19.882840394987834,-23.587696818454745,4.989000130305054,2.180872801924843,9.33513191321256
2018-04-11 00:00:00-04:00,-17.72297413324524,-5.931559352858704,15.16747389579978,0.3094266145014899,-26.719760604642016,-22.76387720810505,5.332995561984992,-16.43482869835539,4.736371525480143,2.5271521252498745,-9.109436570696511,5.048951468898552,-18.331162279318782,-21.454713348692646,5.678459969515441,4.946560618812514,8.631988598393562
2018-04-12 00:00:00-04:00,-18.251872842973828,-7.987743030916116,14.517536663681827,1.0498985969532555,-27.920456945631106,-21.801839721883812,4.753830251006175,-17.520855998145322,3.7403267904589423,2.560289051596326,-11.340706392608922,6.147068331560305,-20.855900375688094,-22.419089825458066,3.821908782151463,2.573217860285199,8.063991422328005
2018-04-13 00:00:00-04:00,-16.316287217570046,-5.395663991892071,14.921377707404861,1.626931882112634,-26.20059797650527,-20.56336384971055,5.516982348534707,-15.214871869642845,3.7321718703842555,2.793996708062306,-8.154020774124747,5.147325959264792,-18.6185696312236,-19.639056371371773,4.2165341746290945,2.9210186561539,7.5136243259294115
2018-04-16 00:00:00-04:00,-36.405986819206795,-11.650639779747268,10.035309251809972,-10.70715324475524,-43.90288133106861,-45.37097728138619,1.2492713705186913,-24.399270574497567,-3.397789559407205,-6.410177297359033,-20.498285024644684,-2.9133299883282855,-36.77795743842586,-43.290027663345576,-2.5772171868218483,-7.208562978205929,3.956648774858072
2018-04-17 00:00:00-04:00,-30.005316306628302,-6.735404531651982,14.49668846146712,-4.842039408398362,-36.80739759839503,-35.38965759044072,5.275768190583737,-20.074044703587862,-2.4495492684550726,-4.356073378299336,-14.946578042618116,0.0110165747414738,-29.581024810755736,-35.924769959860214,0.9691273759678849,-3.4714608118205366,5.372707650790936
2018-04-18 00:00:00-04:00,-19.85749118258183,-2.0035270638936837,20.710909997966787,2.3392509975900024,-31.547814755964477,-24.01806112735636,9.837278931474382,-13.950461234760896,1.9440320268349798,0.8659758880798754,-4.799595463878058,3.8938394005567916,-18.985065686855027,-25.289531348098862,6.093222537272189,3.5237848238043505,8.352316706067027
2018-04-19 00:00:00-04:00,-13.719006361507748,-1.3997782757783732,22.984517894387572,6.708405529515137,-27.332783099520718,-17.02711425659239,11.357891707918954,-13.711519647414706,3.635959162208214,3.1709117985438944,-0.9792469781971361,6.363904524626718,-14.318865937191733,-18.2601033137319,7.624649997706355,6.988911358453111,9.064058288410306
2018-04-20 00:00:00-04:00,-13.327499521346057,-4.823833700765786,19.98682337529353,5.133963410954541,-26.80266621794726,-15.744595602944031,8.665213069323428,-16.82692942410829,2.91021590792355,1.8425708515584514,-4.7508060807119605,6.274099871842452,-16.764138496312786,-18.61896511631691,5.746757186711496,4.391105281171154,7.905359739327889
2018-04-23 00:00:00-04:00,-23.183409871421045,-10.57452599542271,14.498543476581398,-2.1472944131300826,-37.213493715554215,-25.601022292892143,3.315600308214017,-24.33711637044249,-4.087970526506222,-6.318977229120906,-15.611705666144715,1.9223516404746723,-28.598872783875475,-30.371360242505403,-2.050934839694587,-3.5759954378493637,1.4503000769214893
2018-04-24 00:00:00-04:00,-18.590693793970793,-8.014539300642463,19.109550970858276,1.6100998153712558,-32.176105892939596,-18.47909777852555,7.23983121709344,-20.715479581305736,-1.4770745386565942,-1.954356270137135,-10.694470662272346,5.257003424310642,-24.06995988903323,-24.022681198011988,2.019927427908838,0.26327378995182826,5.45602819242834
2018-04-25 00:00:00-04:00,-16.52709941885891,-6.70108288252783,20.635565784360587,1.8168664184006902,-31.415550245965864,-15.685800534623366,8.137168182980359,-18.39169944803195,0.4022222869615276,0.8541078769731003,-9.030176387695992,6.396499301483667,-22.173626690061887,-21.028867916217706,3.9269262535386424,1.8075933243119287,6.419357984029676
2018-04-26 00:00:00-04:00,-10.580634291746074,-4.99631035297103,23.258614023188287,6.7472198788656215,-26.474927552752394,-8.557882329811541,10.716888854194833,-16.60825794686337,2.76181984157485,4.214389125734477,-4.67597747230896,10.455284095880796,-16.369290105622362,-13.86376628906517,6.843143982602939,5.82859456899704,8.986806505515741
2018-04-27 00:00:00-04:00,-6.811273844712425,-2.4938597997144227,24.73905409311622,9.492083325294525,-22.945598593121424,-2.950718945172923,11.496509923086059,-13.220838528018136,5.567559990783811,7.716678854310946,-0.060311652625612416,11.547776052250446,-10.858074762798434,-8.47517661139581,8.525598752711582,11.024706516347432,10.644085826569118
2018-04-30 00:00:00-04:00,-7.5834489635222235,-1.984542091572977,26.01639214009322,10.544851493387764,-26.636925583054463,-3.7085757860865103,12.51115687031431,-14.333538607378369,5.816393690760984,7.812000008044284,1.3757710446909757,11.635927733734691,-11.176804009328482,-9.607767932255777,9.218023046876093,11.74413848519854,12.206704641678417
2018-05-01 00:00:00-04:00,-7.199775703308237,-1.956249565663529,24.321438920325004,10.667070707992366,-23.767149737272415,-3.2780824591068387,11.652305070396249,-12.588973779652498,5.4879802261175925,6.508935336028931,0.9998384256536861,12.307498553892703,-11.01926476246701,-8.86048492141917,8.368160413619856,9.232234550587872,11.553833511477649
2018-05-02 00:00:00-04:00,-6.8326221079117015,-0.5949007958561459,24.57289662868099,12.014262072500237,-22.14065570710351,-3.390605193365737,12.043203363800034,-9.902823880553688,5.827011761410199,7.1000285734266315,2.536525269397054,12.644075526017854,-9.292023187626967,-8.27325493134696,8.785389464345398,9.269090276579217,10.86958840151736
2018-05-03 00:00:00-04:00,-6.772411596843631,-1.356343647733096,25.27759919002095,12.317666909472804,-22.768221034739792,-4.443613831177479,12.596667621642917,-9.622333552046511,6.5108153515923135,7.882026509559463,4.023317711106312,12.462470196627635,-9.244735539323045,-9.861793346266358,9.401114041109933,8.944181173167893,10.994564129023383
2018-05-04 00:00:00-04:00,-9.621615356789052,-4.489023646879651,20.66585432849362,7.064643669208142,-25.905580942289966,-8.278435885251097,9.09964828550895,-13.101355949618146,2.5837860173033933,3.3895490557199897,-1.2784337300907713,9.172505379822162,-12.134548519578866,-13.627571600359294,7.191328217513458,4.659447819374265,7.987413079473718
2018-05-07 00:00:00-04:00,-14.320738986058993,-6.388428350884515,17.885204541123098,2.774362447588562,-34.88285352858915,-14.45933889525233,5.445303271019167,-19.146766384815113,-2.3527034684127766,-0.8086401101362756,-8.548411877669619,6.4424612032995405,-18.817781478111975,-20.753080727072383,3.6046896578714858,-0.3255491132038158,5.049605002635554
2018-05-08 00:00:00-04:00,-11.048195456314458,-4.753849078411017,20.99903262625094,4.981027958555818,-31.151869738312808,-9.383718722227082,7.691669004764692,-15.841374065953621,0.1304993255636985,1.549504692454442,-4.12675219657527,9.451970244777351,-15.334271268236451,-18.34941613881429,5.393959120058584,4.155724207277042,7.495951139306274
2018-05-09 00:00:00-04:00,-15.475699387526085,-6.665491103753264,19.482034800591855,-0.8834415181709694,-36.44668819218383,-13.216998886129323,5.169897046245041,-18.571002571500962,-3.976285970572482,-2.6361559146036204,-8.875971393688896,7.869786591708183,-20.91414980596479,-28.312811854251787,4.1189425537818725,-1.2115846926492273,5.7104672812861885
2018-05-10 00:00:00-04:00,-14.04173085742899,-5.654658822387196,20.42507608997527,0.03495661669040405,-35.22365938238921,-12.161317764737811,5.6487977964389735,-17.69514628331672,-2.9575288494440786,-0.8358500249459433,-7.339887491317459,7.414121534290812,-18.200148802308068,-24.686606111441872,5.7310368405594225,0.008348509560820921,5.867043600084722
2018-05-11 00:00:00-04:00,-12.04537064138645,-4.928811772238525,18.086897860451487,1.1052246512488848,-32.1283557716874,-11.15295153837224,5.292281148285253,-16.597818508729098,-3.4616848606534947,-1.9543963676003342,-6.662604915857133,6.113151677527127,-15.672964176465511,-21.601233860046946,5.587270241505524,0.9349045007013131,5.188346501772262
2018-05-14 00:00:00-04:00,-14.417448152500144,-7.43334421363565,16.860404882228256,2.297879681835476,-37.483458540295175,-13.678974109382974,3.7184305402839657,-21.635284774848625,-4.661207367281972,-2.569134629262621,-10.645600486261765,5.194461427613165,-18.97788966441601,-24.120675146867217,2.0483348101574155,-0.39098736674609974,3.9667533717823367
2018-05-15 00:00:00-04:00,-10.615168345150133,-5.339695755069979,19.581075097923485,4.970496502421248,-31.924974263211787,-9.451597758916119,5.1664559340275185,-17.56119533149737,-0.8928440140149606,0.6428869518062887,-8.533807753962149,7.9028993032168176,-16.340020047786204,-18.898024859773756,4.722081394490065,2.4669585874737603,6.775925630710756
2018-05-16 00:00:00-04:00,-13.621620640609965,-8.566229312340948,17.903579797642795,1.1662883006533076,-34.01091404544601,-12.88564851444482,3.7419242167712805,-18.892259979782526,-3.092503921069435,-1.9870075102192946,-11.762231822504695,6.274373651798992,-19.729806235220437,-25.147192367709284,3.36411180530832,-1.370980976516886,6.205795851859581
2018-05-17 00:00:00-04:00,-13.718609151130531,-10.762255717209989,16.98266600213503,0.4644767603510354,-33.391148253858276,-13.287106387542195,3.29055333883529,-21.51727583981356,-3.961920776377362,-3.819856629139083,-12.425565715423655,5.789294443352002,-21.71287485081311,-24.824258443670725,2.0205172794359187,-2.3832371125675627,5.730926158294904
2018-05-18 00:00:00-04:00,-12.0866956756272,-10.051753684233615,15.883082554697692,0.7651938072633249,-29.54726455866482,-12.400295210495601,2.997057088942099,-19.665361055349067,-1.6535093607839326,-2.1649964847941026,-11.09171812676763,4.818651521655679,-19.13417965425977,-21.217932246359243,2.4602396777607662,-0.7239193552672317,5.80009437003629
2018-05-21 00:00:00-04:00,-19.227984226928857,-12.715776255693132,14.551060139258903,-1.880181769857084,-38.83812005582354,-20.18706278840429,1.138745175661487,-25.416973462568965,-5.649221634606882,-6.618339546375343,-15.495944237884194,0.25249049172576754,-22.910591821498425,-28.97915163806096,0.05143244262205322,-1.7908004570115668,3.0573285159521792
2018-05-22 00:00:00-04:00,-16.25946357292561,-10.266893556401214,14.410987535046115,-0.02918701354887611,-34.37134997551715,-17.82523855528403,2.3967658713956705,-22.082263516987776,-4.62750016116142,-4.162235471731976,-12.08381032607054,1.9209906888431216,-18.821395155059445,-24.86725321385772,1.6980099718326163,-0.921160494391796,2.4514128574182794
2018-05-23 00:00:00-04:00,-17.713123302017348,-12.50267668179032,14.37658123168253,0.3161799087264745,-35.500097618321846,-17.593446383096808,1.6786314749151416,-23.929955891342072,-5.36237289078302,-4.053640879382388,-13.524687401687954,3.5708674373680456,-21.621508162729544,-27.46863822973784,0.24998799140131842,-1.4869488044835482,1.9763432442991609
2018-05-24 00:00:00-04:00,-18.502681357170292,-14.418257515558953,13.707151472345911,-0.7575345981507866,-35.20308513634789,-23.22797012777825,1.335105984701161,-26.247886304634957,-4.782924002622789,-6.14588732496713,-16.564355426760997,3.598053642276646,-26.808295786803306,-31.060668255275512,-0.0022374216615972803,-6.491491279683449,3.351225939728463
2018-05-25 00:00:00-04:00,-20.186653460395757,-16.081654863622962,9.570283402117697,-5.42249513116462,-36.47417816317606,-26.477895419637576,-2.3877478899235154,-26.997890296475088,-6.565602261488737,-8.84280225322525,-21.83848898108335,0.7835323738885194,-29.851596949566183,-33.9915324922314,-2.3820813127244898,-10.599148008118291,1.962905097541506
2018-05-28 00:00:00-04:00,-27.08052679279661,-17.539565161507202,5.554758583116592,-8.420000504467515,-42.87390415778108,-28.997992452722816,-5.748554729924442,-30.935164644200498,-11.07333341343389,-13.674334067148749,-27.295171260144787,-3.7789589038558944,-33.401463100907996,-39.55853919807645,-8.021531466227263,-13.424818776674742,-2.36852652340622
2018-05-29 00:00:00-04:00,-24.272016696256458,-21.355776852942707,4.871636720750051,-5.463897167738443,-42.0310247806263,-21.061093465054782,-6.008881298487452,-32.9196055748727,-9.074144428423423,-12.418193139109887,-28.838954327565517,-1.4991744965228726,-34.53915642864482,-35.98653800179008,-9.152940018328692,-12.192801707184772,-1.3110258202993346
2018-05-30 00:00:00-04:00,-23.162919656986208,-23.065029752672935,7.076918231655634,-2.688421800909578,-42.11486573479675,-18.525052152419267,-4.818852934364239,-32.877172436901446,-5.211211156820639,-9.418761131408308,-27.669236737704193,2.2052939158267146,-34.96800122606505,-33.153632598973225,-7.603029505871593,-9.419805105458316,1.263631722439805
2018-05-31 00:00:00-04:00,-19.11176855239439,-17.67321786864062,11.699984243073208,0.42561136382370207,-36.893604343151935,-15.195453392856438,-0.42385866981077824,-27.142947963246925,-2.523575278773155,-4.792229728445255,-20.31906437609373,4.893237331071111,-28.203181897736126,-25.699675051162558,-3.5506570888865916,-4.706195275085605,4.155986684955719
2018-06-01 00:00:00-04:00,-18.47762914251586,-14.940706136288062,12.12337726625446,0.6266373957507311,-33.8717832529267,-13.296632276296648,0.16733866926974839,-25.36564352569594,-2.571387838837448,-4.5837553266778555,-19.35522228099007,5.311005649999418,-25.198608376193746,-23.514204079828502,-1.9851723766486127,-3.8028493440685525,4.863835945244858
2018-06-04 00:00:00-04:00,-21.91994161819518,-13.95593868075194,12.310031271370944,1.119190820653707,-40.48314841514671,-17.60706131058194,-1.6964513766080653,-27.137532279623713,-5.265010058639697,-5.411431158966868,-23.15793598161575,4.94841435201554,-29.30409980226621,-28.491621102720494,-3.2330060920075696,-5.014905270747375,3.9239270252711274
2018-06-05 00:00:00-04:00,-16.075769348966556,-11.499153916814624,15.107029814573483,4.388776275697623,-34.79309731813151,-11.382866167076864,1.3440811666109382,-23.04141465540379,-0.29702816077663935,-0.9830901550498663,-16.953589959536927,7.3586227569909575,-22.30416302177364,-22.992550061102587,0.5415401244507841,1.3062227399881616,6.7135867789742605
2018-06-06 00:00:00-04:00,-10.672442458086046,-6.77308252289251,20.338727942823127,8.313441890680163,-29.6673868103482,-6.864779554955961,5.492640586235558,-17.365013248076426,3.5858710062220425,4.740036130110247,-9.660251431048126,10.762834085684213,-15.4329693433663,-16.1235987673509,5.630066939849333,5.955160218227854,10.211568243158036
2018-06-07 00:00:00-04:00,-8.229475169642848,-4.8704742048374925,22.034907020728504,9.636017846875903,-27.128227405609408,-4.173584527945539,7.263037347752663,-15.803906030511572,5.456461160049035,7.8627585332259455,-5.212108690953409,11.320349422723584,-11.428079339654367,-12.47942707909898,7.154034851170646,8.074945878553075,10.820229193235564
2018-06-08 00:00:00-04:00,-13.319594608592018,-9.633915111386978,16.13268541111587,3.9884786254378994,-30.65341738919451,-9.303768532665638,3.318744372528996,-20.912138888151514,-0.590672763180242,0.8987838188171767,-13.333223673761122,6.66766349984838,-19.297960528350387,-19.831313048140025,2.8638506549695073,-0.11078968454092372,7.609148537444978
2018-06-11 00:00:00-04:00,-22.364152519239926,-11.532110596152238,15.25238532952598,1.8689424169037696,-39.83520456029,-19.372764849387906,2.3141738849715736,-25.95090689752406,-7.057971273317819,-5.596921393755748,-21.92243098693713,5.593969749933482,-32.940973727970835,-31.440075747421403,-2.181768804174326,-5.841750662535509,6.163715944083148
2018-06-12 00:00:00-04:00,-12.717701019730907,-6.835109300999799,20.382107228094807,8.240154374875281,-30.57936405117312,-8.72252772806751,6.4507242630921064,-18.67353306861955,0.6893072836757784,2.8159551860536287,-11.172008777908406,10.96173578091401,-20.951218514585275,-16.96784717558367,3.826882449390173,3.4329561248955254,9.899667117153399
2018-06-13 00:00:00-04:00,-9.29492420289537,-4.990404518616822,22.134505389476377,8.63763239450688,-27.70476469952281,-5.112099990917296,7.838169891896384,-15.167644267818794,3.2316993754314294,4.931679125253227,-7.718736758977145,12.186458170389727,-15.942870689069887,-12.697111200592898,5.878576062939774,4.911786993701661,11.25373340797683
2018-06-14 00:00:00-04:00,-10.426569859180299,-6.591073213992769,21.073970787476842,7.333765548997553,-29.030166262667365,-8.291311475003663,7.06469795354996,-16.461690971592894,1.256453907693442,2.2376913336501283,-9.267964764441281,11.013039591306411,-17.500262005771322,-15.305394886421416,4.2567691092757745,3.239328342435878,9.51355017723343
2018-06-15 00:00:00-04:00,-12.74021419506475,-7.990152586172927,18.238767627456905,5.427784230186643,-28.418316204942997,-10.414194330610071,5.4630366878250145,-17.134916841661262,0.2524508495224265,0.24792041385520988,-11.01841503838346,8.98255127753945,-18.918416349405515,-18.50441262940689,2.766474905600733,-0.5734394176321641,8.191425911707134
2018-06-18 00:00:00-04:00,-25.282641410735245,-12.528057436310139,13.350212747572094,-0.05192621597414177,-40.314452864668795,-22.444712437996184,0.6821421318319097,-24.517817101052543,-7.358432607081281,-10.65628823264784,-24.43301183308778,3.7089633015129704,-31.948068086622246,-32.524358057503235,-5.6627941222265665,-10.853121713997108,3.4012266948909238
2018-06-19 00:00:00-04:00,-26.771765769172116,-13.95543005630442,11.112461563240883,-0.9822921127323875,-40.45235091052937,-22.6235583534468,-1.3416345235595721,-25.710286292845108,-7.758080962910021,-12.634288303515168,-27.833054489332504,3.5427525012323513,-36.19083967826641,-34.45183577407404,-6.389947839779583,-14.734158647931668,3.510794541429314
2018-06-20 00:00:00-04:00,-22.567945161199894,-11.327935625701066,13.043508540670652,1.927331266987615,-36.75179665739592,-19.41247521232513,-0.14275322300115903,-23.828473860292526,-4.327921591381664,-6.973236830999812,-23.840749962324633,5.634841578925106,-34.53003433790794,-28.65508655911949,-3.7167526029596987,-10.986520343284042,5.15074308825567
2018-06-21 00:00:00-04:00,-15.710561223036025,-9.025411103508779,16.63974384888395,6.97347155465525,-30.590062707333846,-10.28186778882468,3.2211982813589355,-19.591865140280852,1.5393428574742116,-0.76870777501305,-16.582425136302756,9.394575952537865,-26.560620617122918,-19.12705506742628,0.3939691003029918,-3.5647847080039687,8.865462874435222
2018-06-22 00:00:00-04:00,-14.202738314853063,-8.481829957775387,14.928825631468765,6.419177706988549,-28.526592721701732,-10.599604148070766,2.2301327904424872,-18.298270686906875,2.054834723104575,-1.4111985153169997,-16.110741458833463,7.915712116470135,-22.252524825440446,-14.680362049334628,2.048817260394513,-4.53927115991714,7.753295880029475
2018-06-25 00:00:00-04:00,-20.999952103443206,-12.46034776581555,11.467981796719595,4.350334827484706,-38.933047284025534,-16.684122093439452,-1.8141089670641153,-25.274442428250776,-2.152494335462251,-6.868566091332254,-22.530307917941247,5.477188072467989,-29.31511043888066,-21.8835405728853,-4.775476005739355,-8.154277616375055,3.049193259010639
2018-06-26 00:00:00-04:00,-20.602951223932536,-12.681678755605084,12.20958881445134,3.8058610685812324,-37.08552641845912,-14.120396643297406,-0.9215684033803161,-24.631750779174013,-3.0775664865632963,-6.701716340648382,-22.083777600684243,6.097855704549711,-29.63681335732383,-23.556888447163658,-4.512610387966987,-7.521663948751221,4.2408508576710675
2018-06-27 00:00:00-04:00,-19.44150848851778,-13.321729266113248,10.406275154473823,1.444389939943128,-35.36160314546853,-14.24776830760093,-1.629824434370547,-24.705266537215188,-3.926592248047366,-7.386409759581954,-20.625280475459004,4.803957478994456,-27.303796399226485,-24.920767437485416,-5.880727230648054,-7.522598555723492,2.917484665009931
2018-06-28 00:00:00-04:00,-18.792123140543968,-14.501277853462511,10.903776271592859,0.3332905154837894,-34.2810150017489,-13.469337026147887,-1.7382784996539584,-25.276489518948534,-2.4026246624633742,-6.181422559018692,-21.57786889469604,4.5819688713304325,-28.234908780202648,-25.07574314913918,-5.172213774990923,-6.4912682747314765,3.9369816589994704
2018-06-29 00:00:00-04:00,-16.342783791216544,-12.984970553826786,12.60658413618369,2.4860221750104103,-31.93158397415296,-10.815078423871732,0.3078769065699829,-24.565048342894038,-0.4238226513188364,-3.271513878064967,-17.688589456670307,5.727389091135366,-25.153365018938217,-22.50151147838727,-3.243238340891563,-4.144741115123284,5.047478355457298
2018-07-02 00:00:00-04:00,-20.296323109181234,-13.41574809015781,12.687753594623906,2.419097293892899,-36.85787293182227,-15.117974443701991,0.910917627081991,-26.026880246530823,-2.4567414444348716,-5.7962750034897565,-20.094384915264357,5.202714097143001,-28.041447589346927,-25.617188916921535,-4.828536763989199,-5.972086312367599,4.8896503654410015
2018-07-03 00:00:00-04:00,-18.32287550043483,-12.470860657694995,12.949282412628081,2.4714194672962275,-33.87156919378681,-13.067700668397503,2.0506494136762607,-22.882614707611665,-3.0906761760992074,-6.521078051715393,-18.041130827525937,5.552515905469985,-25.254672077744424,-25.68512716628746,-3.991440742901245,-5.545017857504741,5.353287384843766
2018-07-04 00:00:00-04:00,-20.34439054074913,-13.364821022225671,7.550368483304794,-1.847277903572949,-33.35632016985328,-15.891677576610345,-1.452292695607272,-24.12024198848933,-6.79143042119541,-10.957217582591335,-21.996716875799727,0.21481162752972957,-26.130323687952735,-27.484548894870063,-6.609764949118426,-9.763923164730674,1.0231302751543871
2018-07-05 00:00:00-04:00,-20.26250066750499,-11.439319245538101,8.153713718066975,-2.8593164627273353,-32.229185800697515,-15.970991939197825,-0.8975083098180353,-20.8444864115797,-5.6905640383766105,-10.186475418970751,-20.371679909102202,-0.7237269477684561,-23.941720616920158,-26.68183009979729,-4.4190199942955255,-9.102399417910174,2.0475430550712517
2018-07-06 00:00:00-04:00,-20.179155212808762,-10.023724278619122,8.604921474421173,-2.139374422961075,-32.37166531450292,-15.632657665354866,-0.40899149548397645,-18.27805039458988,-5.741326725991535,-9.43598988423915,-20.033797522446378,0.3711277364123441,-24.395577442722523,-26.355455486462244,-3.327648256417593,-9.39618778113611,2.7900897075894324
2018-07-09 00:00:00-04:00,-20.859893788362776,-8.995329686753257,10.90711168691993,-2.4659278071532293,-39.80446604969483,-19.27866229339718,0.8675503846059489,-19.432182712443776,-6.713193412163596,-9.382378870147184,-20.019613291047502,-0.6523603835293859,-24.186548435014128,-28.89035535587717,-3.264618316180925,-8.068349379598224,2.5250255806386046
2018-07-10 00:00:00-04:00,-13.201693412693349,-5.601268801700904,15.664863947829044,4.433181586220428,-33.013720670442126,-11.918483568591213,5.2955253368177555,-15.317353945881202,-0.8362150259413945,-1.670947854440977,-9.987216242468438,5.047201481129028,-15.461647441871811,-19.328988383692156,1.3760010259089002,-0.6999290691011282,6.2081211970651315
2018-07-11 00:00:00-04:00,-15.291304426419378,-6.515788922502141,16.530745492360946,5.802347990256197,-32.4847455561953,-12.451079787917953,6.1136488829091675,-15.239784639157858,-1.2788691233993035,-1.726782783179394,-11.0009309961361,7.593130901035812,-20.129598953084614,-21.430206096905053,1.9733110605381778,-2.2845138206096074,8.065208222641823
2018-07-12 00:00:00-04:00,-15.637329658400107,-8.552805600013748,15.483329473417434,4.530550382117018,-31.909645697742548,-15.022782355554359,5.6595544513167,-17.160118207156618,-2.426604671434208,-2.9670485132046176,-12.006148376619423,6.6603310483738145,-22.382313036465785,-23.804830374089285,0.49603809330527376,-4.137528187281928,7.845307786613821
2018-07-13 00:00:00-04:00,-15.229133969431347,-6.48929252032686,15.061314780798154,2.553355345078439,-29.209125271628185,-13.663163566637202,5.400514400563293,-16.15079309100315,-2.101865158233632,-3.5604284799448207,-11.23839806044707,5.6456959655400825,-20.94465322765886,-22.12904095040745,1.3409645603624554,-2.264733196603716,7.1681914957976325
2018-07-16 00:00:00-04:00,-24.68757761988142,-9.107050855291275,15.177361326685993,0.186119665997303,-43.535605056380284,-19.76335992431692,5.36811093860651,-22.067162026273785,-5.519731077400753,-8.141425439974142,-18.14477938731475,1.9733983480292148,-32.71825416803634,-34.146373178785524,-4.359505839558732,-6.313717837874987,6.0526694893743
2018-07-17 00:00:00-04:00,-23.13500278277253,-7.242781351874444,20.129800442101537,1.5820563012508282,-45.97040311146467,-16.115403781007693,8.222873953675439,-20.115601268088138,-5.801477663733016,-6.542040888679946,-15.319026129905668,2.9801526767247313,-31.112217592481404,-35.14962052027456,-0.6942687089495119,-3.6499146636294273,9.334576147278876
2018-07-18 00:00:00-04:00,-20.34437453266868,-5.996382700807448,21.544880036073202,2.401648372446547,-45.645258599204276,-14.597098890234339,8.488845571927872,-18.530352525123643,-4.808856261981856,-4.8227130549194985,-11.802132162580136,2.9010142512233026,-28.2300436488102,-31.48546552079893,-0.07649708677435446,-1.7055912979215158,9.779911621523741
2018-07-19 00:00:00-04:00,-21.262776532226425,-8.686689028282391,18.454433570538914,0.33839768126918707,-47.26964878174356,-16.556017278373513,5.61369658575394,-21.618055122950338,-8.118041410959338,-7.383923213116481,-14.229180412552175,1.3459075672655803,-31.225283627369226,-32.87209590129686,-3.0172018689843902,-3.560167560889129,7.630984075875211
2018-07-20 00:00:00-04:00,-27.810185418423504,-12.228974656872351,13.717659146775201,-5.95963429650202,-54.57444208943776,-22.662655138913514,1.9430539349369722,-28.18611227989967,-15.29490851457189,-14.916233891861882,-22.041559314738738,-4.437459288243627,-35.97576189862749,-40.73204648834888,-7.840503544339739,-10.98530857783335,3.1937964924386515
2018-07-23 00:00:00-04:00,-53.79000961116016,-24.225582133209933,7.417779169638036,-20.16813045363769,-87.34258387025493,-43.56650815538328,-5.879414236369413,-47.26981086615927,-30.760814007148237,-32.402560549064525,-47.00590288493321,-21.408948291897573,-56.840039375760945,-68.91200968882913,-22.831397092216264,-28.471793031640438,-5.6028093939620875
2018-07-24 00:00:00-04:00,-47.71456955260433,-17.60229550428744,13.661727499467444,-10.674557416794933,-82.95154040948356,-37.95959793435673,-1.7843733376120419,-38.59873529289289,-24.022948482865313,-24.406719720287143,-36.28046193138988,-16.422037295834524,-47.145954913329234,-58.8916134420743,-16.86899621140275,-21.75109460830866,-1.6264293600114605
2018-07-25 00:00:00-04:00,-44.41135726392339,-15.073808148637822,14.303158989975975,-8.107783315416167,-79.01517110684489,-35.09157512766444,0.23178428971747755,-34.380843295416064,-18.80712121179049,-19.109377591768443,-33.700380525974985,-14.78040725568648,-42.102826143101545,-51.517180905748724,-12.465620103990238,-17.342711242742443,-0.029350286920130114
2018-07-26 00:00:00-04:00,-41.21879872460693,-12.3729907407721,20.382385549185475,0.030047760478630753,-74.26336810879484,-32.33420236706236,4.422648704130781,-31.79453377532582,-14.455325267781008,-14.021851354778642,-28.723586032802825,-9.586527603748758,-39.00793241760341,-47.364156797144645,-8.051115662264353,-13.701327808270536,3.5757059111620118
2018-07-27 00:00:00-04:00,-34.757831866104425,-10.506614336352415,19.389990872538196,0.2869519006630542,-67.8914435354282,-27.670927777429625,5.1033273379672535,-27.42805317846231,-12.564469702947303,-11.576926870552539,-24.137419882199303,-6.781093629876286,-33.693659289897184,-38.345845691460326,-5.653984669927279,-10.94942220381387,2.2325801239594507
2018-07-30 00:00:00-04:00,-54.83346763719538,-27.2506341706909,2.9604643939637634,-14.579603604153329,-98.65469516640727,-45.45732189136992,-9.623983515824547,-49.85952505105168,-29.255078726145285,-28.185779178925056,-47.93582127671638,-22.68823152122067,-54.52872268014117,-64.33139094428564,-23.18409548644108,-28.030781422817903,-12.492016963343708
2018-07-31 00:00:00-04:00,-46.0518620096511,-22.356300231103326,9.035945501622766,-10.001210589417264,-87.20517951844919,-40.55280242134062,-5.57182285177646,-43.85814692222555,-24.8568396117198,-23.94793580168716,-39.91076692265202,-17.636931421355907,-48.453223980469154,-58.4797891298941,-17.423345544103434,-22.46578501482971,-7.285386428324418
2018-08-01 00:00:00-04:00,-46.64771465884195,-19.24990521709393,13.795026996234759,-5.578640387048555,-81.98346001451851,-39.41009702427765,-1.2353050089134556,-39.70318808621175,-20.333998057361075,-21.359308401274674,-35.06702679346888,-14.560187679173078,-47.87490739898794,-57.951156673646224,-14.555999143787407,-19.345892350267984,-2.884163801751577
2018-08-02 00:00:00-04:00,-43.16487657538113,-17.075675402995365,14.978064099893539,-5.319286829229064,-74.49527396296769,-36.90195289264524,-0.08028943079519313,-36.35604292235707,-17.943630238603546,-17.85977092091686,-32.38133133324566,-13.440013610639685,-44.676015746618994,-52.18927042571193,-10.964359825835338,-16.49735475658938,-0.019062626885789413
2018-08-03 00:00:00-04:00,-37.34011679616461,-13.517795687289103,17.130955601736282,-3.715170135773309,-65.95485443605338,-34.33976793775615,2.7047300642053904,-32.155249067217234,-14.655789251717064,-15.400084623108565,-27.129122717363533,-10.091317328794545,-39.54532873179256,-46.896329907959654,-7.845898813774217,-14.200441017776054,1.916967779988186
2018-08-06 00:00:00-04:00,-66.27355275053787,-27.64596060446619,3.1656707587394157,-24.226295793665823,-102.83588200680448,-68.68489616477217,-10.890588169250764,-55.12309341536867,-39.28610926509035,-42.28680077554629,-57.92749829586709,-34.093414105765945,-64.33873375775926,-83.53093568390598,-27.389306240365364,-37.30659071883069,-10.910543995989276
2018-08-07 00:00:00-04:00,-58.65677018197998,-25.651309556668785,5.411643262316697,-21.439456906052936,-93.83273841452454,-59.44374977118739,-8.759063152526647,-52.178196996247614,-36.0821591694334,-38.73582851891139,-51.73644728163521,-30.128829976270822,-57.63289066394164,-77.99892510489757,-23.979216932910965,-33.10024640992444,-8.691859875102411
2018-08-08 00:00:00-04:00,-49.97769937802483,-22.57651501737082,7.80091583411201,-15.668996176442219,-81.39223276412679,-50.37127354522269,-6.086485199856801,-46.17170049653621,-28.734064084130974,-30.654455388347905,-42.94509656765954,-22.055452449616038,-48.81622865270437,-69.47439834759963,-17.73185719501413,-25.85511190523554,-5.200364139772005
2018-08-09 00:00:00-04:00,-40.51692424297665,-18.264485443608958,11.11862644013341,-11.615740557882699,-66.43224133444463,-38.951173390158694,-2.7748985347531683,-38.16700757432306,-20.342227448790386,-20.61659566010472,-33.774330507114634,-14.44334649398764,-40.25209727269127,-56.63843007086202,-11.201294932137783,-17.12782480045786,-0.45797917983898695
2018-08-10 00:00:00-04:00,-37.16125602415437,-20.29257056346549,7.008267982649903,-10.223087037607886,-56.25908356215192,-33.470627055559504,-6.302346220269939,-39.02535160563274,-16.6193821877723,-18.535175720567686,-35.28507310792399,-10.149610948756264,-39.51596141864875,-51.00720720652303,-11.70731504423091,-16.542351047818045,-0.8477452302553072
2018-08-13 00:00:00-04:00,-47.42702293631341,-28.10431782431991,-0.19624613885759312,-15.470309578713849,-62.87925612227824,-41.44581650750511,-13.957728269134632,-49.60362279468393,-19.263860825707784,-24.910113750238423,-51.092915436186395,-13.255553428366428,-53.33376944060439,-61.28748489677688,-18.223375472187094,-24.797934424834107,-6.088581508199433
2018-08-14 00:00:00-04:00,-32.99418342646059,-19.95652515456626,5.880079168711074,-6.292995018541475,-48.99590559423846,-28.697834465816868,-7.593815430738291,-37.1674265554833,-10.284837473363792,-14.276866683830153,-36.00636849557452,-5.650304991458901,-38.150738091301484,-42.76437670857259,-8.922848720331947,-15.426617955314994,-0.7544089640127911
2018-08-15 00:00:00-04:00,-27.49916504407306,-18.088222788499216,9.099956187470902,-1.7353900329548753,-43.53516845883221,-21.704536292985324,-4.3085197272796965,-31.555016090582324,-6.579910523580101,-10.655648116680702,-30.077149438352173,-0.9806500700868855,-33.820896006382135,-37.3791232626172,-5.849138596681102,-11.76839534465983,2.4883767406401347
2018-08-16 00:00:00-04:00,-20.749757829163553,-15.24037829190313,13.130343793282572,1.622428528507263,-38.46946560184146,-15.499724621662333,-1.2501706589856998,-26.657860473073963,-3.065994400733914,-6.016196395431092,-23.155874163374843,1.228693311058599,-27.98555312759349,-29.110588016565398,-2.347598726677796,-7.0411988911453385,4.916629454732038
2018-08-17 00:00:00-04:00,-19.779935225077566,-14.567757327962552,10.897479468204935,0.11226898050832736,-36.30081452194429,-15.48132457011366,-1.7012552274960484,-25.051793882672623,-3.9606927512264356,-6.573447385288851,-20.6857182670943,-0.1371422336828947,-25.84650467890696,-28.702105951483507,-3.0616341708573307,-6.614013210978114,3.169879535270924
2018-08-20 00:00:00-04:00,-24.34237731792768,-15.791465738094837,11.73117294270414,-1.2219512321404715,-45.85707762596999,-21.391274891779187,-0.9945884693479405,-28.204287338757712,-4.728311159495524,-7.541723089388033,-22.702049960841258,-2.162738378864439,-28.091478245386966,-33.11350546003533,-5.556069790514709,-5.864743378489885,1.5381575967787684
2018-08-21 00:00:00-04:00,-17.918938002188536,-12.360412500264514,12.678808099896345,3.4825843077498626,-36.492070205898315,-14.779632779171042,0.8499737843553359,-22.53896255174392,-0.9357645228402366,-1.9531298361552205,-15.736698960229987,1.5937663052228286,-23.257885358899834,-25.1531312668575,-2.1044324834576384,-1.8428160661870165,4.053331149145828
2018-08-22 00:00:00-04:00,-19.654531141695795,-13.249923629992885,13.95541616988755,3.1056925216046745,-37.29446216246478,-15.672739577158247,1.4004215877814303,-23.395298103925295,-0.3928244921921135,-1.0282236186668159,-15.660229908430345,3.2945785353776444,-25.654924633195563,-26.490395487890655,-0.7879285458478049,-0.966212691968694,6.118149039929881
2018-08-23 00:00:00-04:00,-19.519457750449728,-13.462065760552054,13.13432873390276,2.7961117882723805,-36.107824572606475,-15.42970648892926,1.822060444524478,-23.873866470462726,-0.9494199477013366,-2.5336739008268774,-15.639839102412372,4.836911142375873,-26.054560105860485,-26.7485984247013,-0.7135904852359027,-2.290161198361914,5.221362460446553
2018-08-24 00:00:00-04:00,-20.68108947728577,-13.177886211572927,10.013856692363023,-1.0062063523922427,-35.899944925590844,-17.479041358989377,-0.771567761139329,-24.71140916898707,-3.8835075475436023,-5.445295237746663,-19.327472445442062,2.0037035990838614,-27.353660376344145,-28.21788216561984,-3.0836050321349853,-5.404232312165671,2.724752055150087
2018-08-27 00:00:00-04:00,-24.89171157029936,-13.44323911825954,7.210834215155803,-5.027191925667078,-43.06296296879053,-22.066520552502496,-2.6103586098573874,-27.87779389474996,-8.860025516267786,-8.976631273043628,-22.956918687023247,-2.5360678817544406,-30.182356949533983,-32.11489571921721,-6.191847367565209,-8.277257221290666,-1.2644517561620048
2018-08-28 00:00:00-04:00,-12.755853268141214,-5.980318790775452,14.894047589967393,4.382579476717448,-31.78937173131634,-12.281186866206369,3.994937089807572,-17.271777242054256,-0.6370946797881714,2.9585810015700327,-9.456311171152223,5.646500198024852,-17.204848932598903,-17.065926366063405,2.6425873570009637,1.883087552730067,4.525945213855881
2018-08-29 00:00:00-04:00,-8.588944531260957,-3.792286863405402,18.512560957263148,9.197951712641746,-28.08677314134785,-6.967248438071043,7.295988648623732,-12.969616046702525,1.8751984218333884,6.411460828768288,-3.4820488607411177,9.113719324914772,-13.13727644957979,-11.114638247354344,4.9670397439111245,5.886750842164517,6.8469371768957465
2018-08-30 00:00:00-04:00,-9.020162973153475,-3.102292702865506,18.880143176071254,9.222872463550406,-26.496725633525045,-4.809397659222402,7.162144545943187,-11.922935358823215,2.8553813204784357,6.535143050734709,-3.206819784781041,9.535970037521242,-13.436384088311879,-10.674915850305636,5.642094024922059,6.416439255494497,8.132387580220875
2018-08-31 00:00:00-04:00,-14.231958563413265,-4.716015961217557,16.117584566824327,4.891352184129896,-29.060311541112032,-8.103244981683906,4.985013127831935,-15.220466318851079,-0.9380499681777507,0.6858286244333304,-7.5988966194415655,7.42177486889556,-19.091269716470038,-17.027991259138407,2.005302297858974,1.618088421556271,6.271141675101982
2018-09-03 00:00:00-04:00,-30.16235389548986,-15.367735992860302,5.01523696746872,-6.541023459404736,-46.45268452791275,-25.831091882386705,-5.136461476355728,-31.074764011519207,-13.390533729219305,-13.627720865731265,-28.3328980764379,-4.738273594207606,-36.6535070551117,-36.32107033294665,-11.57199165159647,-13.391637500715284,-4.319723412713785
2018-09-04 00:00:00-04:00,-24.818983545608482,-15.04415257245294,6.9307997064318325,-4.201044690709153,-39.6935071358775,-20.665353909315435,-2.979797861707332,-28.333134355192175,-8.67385238947375,-9.485946094694144,-23.487103952546168,-0.9144914714089997,-31.56202623839904,-30.708597086857583,-7.602676967925099,-9.689950348160583,-0.7824520531563552
2018-09-05 00:00:00-04:00,-25.00072114764411,-15.038921065501313,7.574056421341083,-4.229592645122378,-38.76130590845312,-22.14865071249802,-2.3185982535668193,-27.205093819256188,-7.900120522380304,-8.05059657743271,-22.698237087125534,-0.7919194856524017,-31.122560653015643,-31.453255391222367,-6.76568495212218,-9.424450557616277,0.24991157316003157
2018-09-06 00:00:00-04:00,-23.180818667838228,-15.358255614556613,9.151902973705909,-1.8176855113881552,-38.08498724121344,-22.46390557066539,-1.151736661588237,-25.380304633910182,-6.815010947604951,-7.057165755647954,-21.281413992792395,0.903570764303157,-30.556905433690837,-30.687232107067715,-5.144537318056449,-9.580543903643605,2.792192270374239
2018-09-07 00:00:00-04:00,-25.18527340778266,-15.962497764637622,7.427991121676186,-3.894097255636677,-39.533154162140725,-24.76687048044211,-2.280552757562628,-26.447015001585306,-8.59773677615574,-10.548239713378646,-23.96703916098047,-0.5654152867371437,-32.2275591672445,-32.38645478465061,-5.387543210795539,-12.56194493149062,2.0273179190521597
2018-09-10 00:00:00-04:00,-32.134910251916736,-18.43522823088154,7.500316748957865,-8.49766624568935,-48.40168682362664,-32.017377590561075,-3.87697637157268,-32.45189282537993,-11.483567599685136,-14.28971579141659,-30.659024573408228,-3.907824894361962,-39.59524902817832,-41.42740931013168,-9.132598994702143,-16.85214867009199,-0.49511535780830207
2018-09-11 00:00:00-04:00,-25.674589844085485,-15.44742533085666,10.011097313589776,-5.505800579775275,-42.388368254235836,-25.179277572692353,-1.496249701794429,-28.601003576160537,-7.595613232346817,-9.761760473280962,-24.8403635448935,0.6155435134933852,-33.74432990071496,-34.55511238847087,-5.42758884680905,-10.39353054174393,2.1463770731818386
2018-09-12 00:00:00-04:00,-25.269725023522227,-15.781954797015777,10.798587704670016,-4.1489593445406765,-43.19435848642494,-23.256123236938528,-1.502274078263981,-28.636466141643698,-8.383731051424302,-9.491700193979275,-25.13651343566071,1.2375228749483171,-34.099355165088404,-32.99163768148671,-5.039168053019758,-9.99309511690415,3.871981499935172
2018-09-13 00:00:00-04:00,-17.92571958254192,-12.53045480799058,14.668924746621096,1.1728836617920364,-39.1100722756209,-16.83610520490081,1.5973590314745816,-23.598410998525296,-3.9511954558083335,-2.1394350991527618,-15.422592935703436,5.350688051886001,-25.470293992682432,-25.471369546875547,-1.0706803422423852,-1.8263727894487674,5.479376675323057
2018-09-14 00:00:00-04:00,-16.036046822638255,-12.129238527695534,13.872852488463035,1.4082543940121242,-38.243996262778374,-15.382733038797745,1.3378862869929962,-22.06834365037153,-4.4935129614431935,-0.7245785533626959,-12.586958740522409,3.74300976279922,-22.07808046683649,-23.4557237645536,-1.2890117169724125,-0.30196204924922915,4.784916883991674
2018-09-17 00:00:00-04:00,-21.095772915339683,-15.897822396553211,12.896022352732915,0.4581099516193167,-47.16974338485457,-20.624829901927363,1.0362793274542923,-25.878921808512366,-6.948328779845738,-3.5028083565949277,-17.05270378307624,2.8150334418792102,-27.325481385471473,-29.18149835266339,-4.506951515871197,-3.588959151803686,3.7014024893884825
2018-09-18 00:00:00-04:00,-17.800666689639886,-11.659771485623848,15.671954763923754,3.901658025969536,-40.26280117542816,-17.590244905033416,3.6093713047845433,-19.375780705397954,-2.6311280285001324,1.021500620703244,-12.1066596823131,7.108405362359163,-23.85118383479083,-24.3666451078794,-0.42827525083440127,-1.64773273280396,6.145604585536827
2018-09-19 00:00:00-04:00,-13.45300888667521,-11.122689883219257,14.890694772666787,2.674771471589984,-34.640765668524814,-12.584444856994429,3.360821763291959,-19.15499984551291,-0.03179867654570106,2.8013966803829655,-11.071860825789145,6.317788774634634,-17.938056167568988,-19.64317918655223,1.3182507659960867,1.2393529367152176,5.907668431593652
2018-09-20 00:00:00-04:00,-9.20093787861245,-9.811307484225344,16.307540074607555,5.314023761591899,-30.652032953237224,-9.359231334870962,5.189724179384821,-17.693862692427587,1.5861989784657033,4.36508340898507,-6.168472901358608,8.51976946500569,-14.392412366387878,-15.200184492963455,3.518722928035988,4.170940555554164,6.577106425978207
2018-09-21 00:00:00-04:00,-8.588318927524767,-9.456087430481617,14.880949945674972,5.162583246359572,-27.6273456082206,-11.760702788362265,4.571192374761668,-17.475918325500253,1.0799936335600717,3.403300934565054,-6.9053611732374005,7.457292423944935,-13.562805227276757,-13.84260539906078,3.9902365535427426,3.1297771033508015,6.239932377362879
2018-09-24 00:00:00-04:00,-21.32366236946471,-16.5477258765544,10.48684190882864,-1.2147280834814773,-40.275180877188994,-23.506120040464022,-0.8322247677101852,-27.360317451768786,-6.509556380350912,-7.6200945758784835,-21.807426114723622,2.034481096251201,-27.380967686196847,-29.51091322654023,-2.9184865852534854,-8.046277056494393,3.884619669033626
2018-09-25 00:00:00-04:00,-19.349023221500993,-13.911128256267757,11.35242045086557,0.13654375591003523,-35.367563346362985,-21.445515735564587,0.4329577398548307,-24.86297566906567,-4.629249871012377,-6.115188043298807,-19.12689746223762,3.028651505447894,-25.608742404686584,-26.79906146922842,-1.2977357559945617,-7.62672972041244,5.565456367465367
2018-09-26 00:00:00-04:00,-15.853977137519406,-9.982715827437488,13.632746793592467,3.181554836417266,-30.787898493203326,-19.076430017633136,2.8040043257202534,-20.80607054907498,-1.9488513799916813,-2.734733760014982,-13.791783791736496,5.810135842015745,-20.735566033668317,-21.98542977245012,1.7588382635312738,-4.2124302823744575,6.555386014737118
2018-09-27 00:00:00-04:00,-12.328516509025533,-8.280292371486665,16.26305790105849,5.047683674968894,-27.408312742727784,-15.924665936663787,5.522763880551954,-18.764626640625096,-0.10267662633807374,-0.7132408576222745,-8.489255598157916,7.7766195039506165,-18.519890473498926,-18.52750519108487,3.9769838469781256,-2.146823428619208,7.371045420840496
2018-09-28 00:00:00-04:00,-10.369723022136977,-9.416798112770005,15.578884642175614,3.782138778533701,-28.032713451850846,-12.935041870657544,4.953415366101266,-19.106237856922206,0.807231251651206,-0.42449877436720396,-7.805241220733003,6.7513636759684745,-16.789926753724924,-17.056422069474827,3.6248933072254426,-0.10459374043237887,6.792618491576593
2018-10-01 00:00:00-04:00,-14.949452642747644,-12.98675704082286,14.01126020928881,2.702462009574772,-38.111238342322295,-18.59443891513732,3.6238205285996177,-23.41972839235696,-1.1959076537954545,-1.5907409387270128,-12.991668616077854,3.4159932317802757,-21.7875332960084,-22.663697633071965,-0.5428905849761025,-4.366570189108353,4.728184449380348
2018-10-02 00:00:00-04:00,-8.348641300169849,-11.833313694141838,16.54955694543975,7.127772088901566,-32.262788212369294,-11.063685719947232,5.2900520358120104,-19.409464130231786,4.312969038153057,3.6506784065207816,-9.623053208549493,7.998308346779123,-15.475014548281548,-14.076810628415458,2.4485161442456937,0.3451728491870531,7.660088219526083
2018-10-03 00:00:00-04:00,-4.810355776174543,-8.482529537661897,19.49802331069308,11.257217398697344,-26.721627618913445,-5.801625880032504,7.235020547661897,-13.949048426993274,7.140492325666221,7.32406802642262,-6.38190911107233,12.230196514021298,-10.631103508147055,-9.34055060639078,5.678167543342643,3.9093581705896607,10.493915254178477
2018-10-04 00:00:00-04:00,-7.853394955607015,-9.505995013973232,17.303070261106278,7.6720224031791,-25.921597419575132,-10.926787854672428,6.9454425243673406,-16.41117292804879,4.188722868868847,3.511305809812028,-8.379414682052847,8.967160436261283,-12.931671746370837,-12.87895626909203,4.235982201415853,1.584067100916124,9.697669345776452
2018-10-05 00:00:00-04:00,-9.947480583440099,-11.963890595804587,13.45742915484353,4.649703946416002,-25.77614542164677,-11.808980199946015,4.853872723855786,-18.452860381140642,1.1088356179055288,0.16147918031381922,-12.611093193623748,4.966848830984801,-15.268754706718395,-14.380130545182896,1.5304164051606373,-2.0990590242139477,7.697687943932234
2018-10-08 00:00:00-04:00,-15.900673423752039,-18.883019810887678,10.25734000907941,2.42836501260827,-35.53532287397843,-14.17743390687893,0.4452488408084166,-26.9644414974709,-2.79541247398239,-6.113362318367163,-24.510366158090818,1.9774422090785961,-24.67362741759526,-24.98947337510878,-3.5876584029212157,-8.151263253197403,5.498226438503093
2018-10-09 00:00:00-04:00,-11.731490804260043,-14.912864704932629,14.89367862210877,6.263889591005102,-30.96210978432162,-8.019254793842439,4.506890925740963,-21.433553900661813,1.0596055867232665,-0.5805642756218585,-17.39895298900539,6.3818757496480325,-20.434751958163297,-18.95688969087302,-0.06862790675832958,-4.108702497717897,8.833582075087604
2018-10-10 00:00:00-04:00,-9.386608253935545,-12.807413283738496,17.38527146887892,7.831262379946856,-29.644586074253702,-5.701873096337545,6.197274736005499,-18.3987068888111,2.900305896697749,2.1859027769831374,-11.907547888668752,8.733483189649688,-17.22963530368563,-15.672323124803087,2.4011547713275547,0.3201202898040942,9.912229180015535
2018-10-11 00:00:00-04:00,-14.769985460933606,-15.615860625254117,15.904795747813054,6.445393891890599,-34.862144051739676,-10.482149302781371,3.691388851302628,-21.04410450788759,-0.5424661787144808,-0.9767286741235179,-16.48276432697281,6.777117933555109,-22.435871312781234,-23.657988447047217,-0.6430627891489668,-3.2300300953693086,7.691469693892125
2018-10-12 00:00:00-04:00,-17.576091485120294,-14.85616637884387,13.00173280651731,2.6808509962150113,-38.18609258743813,-14.603833307539313,0.12380731628406988,-21.96023664290436,-4.591895342270553,-3.6242299797294453,-20.59277179232015,4.488655348602509,-24.747019662209045,-27.166722585737816,-2.4583081982390933,-5.469852353944475,3.9707927139996846
2018-10-15 00:00:00-04:00,-29.831937703548178,-22.744836906270663,5.883236186266343,-6.404647133956685,-54.23805618662769,-27.257485022089426,-8.026859780288921,-35.90078326644772,-16.3013342801565,-13.369301368851437,-37.413148239987954,-3.109553536730875,-40.42516320835854,-45.960709484209325,-11.804587197909436,-16.682195064620498,-3.511355167952441
2018-10-16 00:00:00-04:00,-21.484203762541974,-15.897836856018722,12.03244695164054,0.6701164466778795,-43.22624972710549,-17.079155333966256,-1.8043094531075718,-27.107059946571933,-8.404636046351785,-4.7328500739122585,-24.76823952249081,2.2355440390985852,-29.561257146201434,-33.118334304197276,-4.867573029326735,-7.89435379555345,1.7061653735189108
2018-10-17 00:00:00-04:00,-15.023310098131587,-9.697643832691378,20.28257609824472,7.801965417190627,-35.85391045601435,-11.415813915905709,6.081238332377643,-18.98475201384529,-1.067464160493675,3.3877865417966135,-13.114115467599747,8.56567188300857,-22.168132334074244,-22.961641221299267,2.0869483423298116,0.15956121269900797,7.258603161030523
2018-10-18 00:00:00-04:00,-12.921526332997718,-8.778132958344079,22.147499074871824,9.54242049921259,-32.801230472557414,-9.15616670929375,7.252125516966971,-17.715751325166924,0.6830040973081642,5.507901457706733,-11.214153008932554,10.312868685605787,-21.73850763853223,-21.065655922675283,3.7719101876852745,1.0103760180936785,9.197119320681688
2018-10-19 00:00:00-04:00,-14.426831424206322,-11.24884794221351,18.587300585183296,7.2948182416799385,-33.498072320920706,-10.766575390935389,4.5969992175279,-21.55091795335895,-2.4412823016249945,1.8998131095141073,-14.528158352697334,7.005967368326135,-24.79102078119207,-23.74768409033007,1.2671596588713196,-1.9809812657537078,6.903283467405262
2018-10-22 00:00:00-04:00,-20.150481010460975,-15.133855744670733,15.07840787034549,2.3430992627136535,-41.67854435781618,-17.206035769790926,-0.3413873451420203,-27.89083355282754,-8.648202948533578,-1.6891491523465878,-22.040182318158337,3.1306876312386676,-32.1604045249031,-33.88461529551054,-2.4987711032740276,-7.056845716067913,2.959854967671096
2018-10-23 00:00:00-04:00,-18.64544643324359,-13.891047769676335,17.297335125923848,3.8377401266758744,-37.54232177022185,-13.63823861766565,2.55678958999996,-25.72331491897047,-5.486212520183739,-0.3338028099769193,-18.793583217005544,6.505224238674162,-29.99938804381577,-32.033873783516306,0.058013797294714696,-5.928540823816108,6.149232229404034
2018-10-24 00:00:00-04:00,-19.917802462580415,-14.903589501709686,12.911046479310869,0.1829416070911006,-36.57423381013395,-15.452337662560911,-1.0905694966780197,-26.11035866813824,-7.13446443555993,-2.139567240115711,-21.31509976814322,3.3084963116985437,-29.907908935876403,-33.0092906983619,-2.499492837756688,-7.5879417747335465,3.597921086893033
2018-10-25 00:00:00-04:00,-16.440877107822306,-11.333178674744364,19.09973784235323,4.735637535515927,-32.73687658802588,-10.38286019486339,3.400603380850317,-22.053805499148247,0.015963523259543103,3.8887682701052486,-15.9063670804346,6.9045085842794425,-24.801798634087103,-26.312318800892623,2.9862421829905768,-2.727188500160918,8.620424844458885
2018-10-26 00:00:00-04:00,-18.010681083150722,-10.423072582964485,18.005370259524938,4.761523192889094,-32.61036187387999,-11.514055891444368,4.2427140743793625,-20.221600039061666,-0.7871400645763936,1.0144423129273816,-14.644201231952664,7.7672857225460765,-23.495148131232558,-25.609429835767756,2.007333725021506,-3.3472107517789857,7.850270115137492
2018-10-29 00:00:00-04:00,-22.41819670774549,-13.580795601628653,16.414451682316276,3.580527870127262,-39.13137500545763,-19.254694383092588,2.0806899079288494,-24.950997193229533,-3.684662572317659,-1.1952422332512609,-18.711533189213647,5.560421120277119,-27.351852722813,-30.81723749956124,-1.9582357746061223,-4.982480947546438,5.178565306454514
2018-10-30 00:00:00-04:00,-17.596904876931728,-11.175727767299126,19.070798259602242,7.131386875277523,-34.760765607190116,-14.209011443822748,4.16346452808628,-21.359205578433166,-0.04794715958316047,1.664908530488282,-14.80008576753545,8.86640508250064,-23.021244130919232,-24.994848972609528,1.0642302018224716,-1.4064980756537393,8.170007114399619
2018-10-31 00:00:00-04:00,-9.34622736927901,-5.425217289063281,25.16887476850436,13.280690566252119,-27.853177628821168,-9.325972968574995,10.123547080696719,-15.563963734954147,5.0811856870258465,8.24006554549619,-3.8202636691144485,13.471309393689019,-13.93990596642316,-13.725152929455087,7.547567807942072,4.829834763735117,12.397472307749629
2018-11-01 00:00:00-04:00,-8.838587315189384,-4.067620818242656,25.273382460613586,14.129976629118753,-25.93999679341987,-8.15461856092025,10.601236160281514,-14.631407122801392,5.579663497218887,8.823558111789978,-2.3696762039747052,13.12559244515451,-12.619705768409098,-12.346243848451605,7.694046786236798,7.02150905868668,12.366061766542401
2018-11-02 00:00:00-04:00,-5.411855062621415,-3.768745947884593,25.571975678644176,13.536575062790888,-22.459101721981224,-4.0702122217649706,10.853453008050185,-13.253892171691392,5.9637007415826595,10.516392835336617,-0.2696977079182684,12.632042138100806,-7.216321340411369,-9.94473613608536,10.235223075128747,9.20196732736523,12.498385039922349
2018-11-05 00:00:00-05:00,-15.99803795192474,-10.215400812891193,20.624376285445127,5.403689360880669,-35.42762261903519,-14.802753513176178,5.982574664117792,-22.535173171321883,-2.7023541691797797,0.6805016091986696,-10.525523388966334,6.996199561087036,-16.962490819326586,-27.531991409185036,3.598424753518342,2.0182762009469926,8.261528143436093
2018-11-06 00:00:00-05:00,-13.968694058146108,-7.556749528849443,22.194507017193317,6.679249381296545,-31.779813551208072,-12.297842193099468,6.835810183718054,-18.988149049963738,-0.8784961773580364,1.0662792512105104,-7.369507257617722,10.31925568938026,-14.67952162650272,-26.318530780258772,5.141159288146391,3.645868064202623,9.163201972087728
2018-11-07 00:00:00-05:00,-8.194016509389284,-4.806676202701478,24.96106530879229,10.622016250746935,-26.698651003307607,-6.043927700935413,10.023699696747993,-14.9048882911534,4.215778225590432,6.025948641601779,-1.0307245881145104,12.972375659284015,-9.957602663949052,-17.76732123432751,9.357086771264584,7.69868205190446,11.808687906261799
2018-11-08 00:00:00-05:00,-6.423169438781649,-4.862603173387563,25.228006511985686,11.940965403008205,-26.71520763522684,-4.902543224248402,10.495122345380969,-13.130250333112995,5.50422212086636,7.95208799793408,1.0910992785928835,12.433935556875353,-7.6413522979071065,-15.272408039391697,9.19261734329682,8.763381517165282,12.404565964672944
2018-11-09 00:00:00-05:00,-10.753739142391355,-8.703112423910127,20.94203422956442,8.53214609454308,-31.407609999688052,-9.472691886034227,7.316954099465136,-16.641864504414514,3.3558573965776533,5.756301482324871,-3.5590126477279305,9.68749397260429,-12.09590758908526,-21.10507432747584,4.273805875711915,4.781337896245892,8.82946504091662
2018-11-12 00:00:00-05:00,-18.77898426979656,-12.42614132482618,15.911147298964865,0.5605747948015252,-43.526423617738374,-19.907188336243046,2.7806096392868738,-22.11637049668637,-4.463260419999122,-2.2182523649115597,-12.531666980734926,3.542034319018629,-21.24784385906149,-30.891395303038774,-2.312545818340732,-2.396227865610754,3.2356375500421093
2018-11-13 00:00:00-05:00,-15.726939215870425,-11.093994158046682,17.979845439665617,2.64147406945451,-38.85205295065991,-16.058982307503317,4.729097417929411,-20.733785667543028,-1.481484477378612,-0.34173639304083164,-10.684846334764806,7.345453995249485,-20.41827470417054,-27.209770168038897,0.8319244156232578,-1.2619943569181307,5.526949419967061
2018-11-14 00:00:00-05:00,-16.392781055124413,-11.311462013390932,17.925522906468203,1.2682634801400816,-38.44055824785316,-13.825276008980678,4.335094618020291,-21.201822137253902,-1.1892413405506128,-0.23090026756947257,-11.487757494373705,7.393143672830157,-20.96042173255395,-27.29995549262748,0.644455982045544,-0.30199515123409426,5.544315283210289
2018-11-15 00:00:00-05:00,-11.732698028158062,-9.912360934514966,22.954103734106134,5.527391067893474,-36.101711575189064,-9.720153777758776,7.359664617426859,-18.55944985228003,2.2844838059210355,5.112799109714368,-6.903019300431016,12.62188859223551,-17.609950875334825,-22.927346959992107,4.7810261382427655,6.002984696467766,10.327376800850573
2018-11-16 00:00:00-05:00,-9.391952588547866,-11.378196876232357,19.600292091661043,3.8722060210185947,-34.97616607921626,-9.942778421174797,5.492694479240737,-18.67366063622392,1.2178112919184125,4.520614228161073,-8.651931802449225,9.967766096666073,-17.815020249131816,-23.534555946767863,3.250564879805621,2.6181667328741676,9.567365289130986
2018-11-19 00:00:00-05:00,-19.410101496995956,-18.014138582755375,14.305834244879097,-4.592031468106881,-45.575577914267676,-20.73975784614847,0.808344654460444,-32.05624830864185,-7.546080888347248,-6.549151767959906,-22.14764441880174,2.316128665916556,-29.8654840360846,-35.95624663898034,-2.2233031747116314,-7.493671791461881,5.108100425952023
2018-11-20 00:00:00-05:00,-21.777888749978853,-20.566052968372954,10.018089523754409,-6.536378272310143,-43.158300103990264,-20.792739844811813,-0.8996671233086572,-35.13486819685657,-9.410538059976298,-11.251437567342675,-25.478731375336285,0.36048105520961415,-33.712786554791215,-38.27212409709546,-4.179361791273334,-10.841587865238212,4.2081883313579755
2018-11-21 00:00:00-05:00,-26.25861248526525,-22.814032415070265,4.552713210891648,-9.965929179343746,-43.63880711152793,-24.106627276994967,-5.028820392798052,-38.41779279382397,-14.353691341591396,-17.73428422136355,-31.773960141817987,-3.6058685608211234,-36.87503047524401,-42.655399348700335,-9.449505154233018,-14.925230150237237,-0.558073367496506
2018-11-22 00:00:00-05:00,-15.56143308735486,-12.19162063077951,0.42577426075251457,-7.355301535949863,-24.859028310464854,-15.102564472247716,-3.9768167425541248,-21.277378476639036,-9.99304376753043,-12.008832886486172,-18.985505497888937,-4.798474745703802,-20.399165914197322,-24.220627287822733,-6.3878040980904025,-10.201342436009964,-1.736450589929339
